TimeStamp,VIXY_close,SPY_close,VIXY_log_ret,SPY_log_ret,relative,VIXY_volatility,SPY_volatility,VIXY_log_ret_mv,SPY_log_ret_mv,relative_mv,z_score,slope,buy_line,sell_line,VIXY_suggest_shares,SPY_suggest_shares,VIXY_shares,SPY_shares,trade,VIXY_value,SPY_value,p_L,rolling_p_L
2017-07-18,38.459999,243.203735,,,,,,,,,,,-2.25,2.25,,,0.0,0.0,0,,,,
2017-07-19,38.009998,244.520447,-0.0117694837762,0.00539942552583,-2.17976592507,,,,,,,,-2.25,2.25,,,0.0,0.0,0,,,,
2017-07-20,37.66,244.629349,-0.00925070715442,0.00044527056002,-20.7754744756,,,,,,,,-2.25,2.25,,,0.0,0.0,0,,,,
2017-07-21,37.310001,244.41156,-0.00933710919347,-0.000890678102342,10.4831466822,,,,,,,,-2.25,2.25,,,0.0,0.0,0,,,,
2017-07-24,36.650002,244.352158,-0.0178479311326,-0.000243070416665,73.4269985525,,,,,,,,-2.25,2.25,,,0.0,0.0,0,,,,
2017-07-25,36.799999,244.946152,0.00408433509805,0.00242794336157,1.68222008911,,,,,,,,-2.25,2.25,,,0.0,0.0,0,,,,
2017-07-26,36.860001,244.956039,0.00162916137038,4.03631589447e-05,40.3625834295,,,,,,,,-2.25,2.25,,,0.0,0.0,0,,,,
2017-07-27,37.16,244.728348,0.00810593457428,-0.000929950075819,-8.71652660186,,,,,,,,-2.25,2.25,,,0.0,0.0,0,,,,
2017-07-28,37.540001,244.441254,0.010174143851,-0.00117380160905,-8.66768606596,,,,,,,,-2.25,2.25,,,0.0,0.0,0,,,,
2017-07-31,37.279999,244.302643,-0.00695009480326,-0.000567213236082,12.2530546912,,,,,,,,-2.25,2.25,,,0.0,0.0,0,,,,
2017-08-01,36.799999,244.847153,-0.0129591449924,0.00222635368292,-5.82079347581,,,,,,,,-2.25,2.25,,,0.0,0.0,0,,,,
2017-08-02,37.0,244.965942,0.00542009464325,0.000485038083062,11.1745754252,,,,,,,,-2.25,2.25,,,0.0,0.0,0,,,,
2017-08-03,37.470001,244.490753,0.0126227268494,-0.0019417004779,-6.50086199857,,,,,,,,-2.25,2.25,,,0.0,0.0,0,,,,
2017-08-04,37.310001,244.936249,-0.00427922545808,0.00182048036261,-2.35060237175,,,,,,,,-2.25,2.25,,,0.0,0.0,0,,,,
2017-08-07,36.849998,245.391647,-0.0124058496743,0.00185752487124,-6.6786990938,,,,,,,,-2.25,2.25,,,0.0,0.0,0,,,,
2017-08-08,37.900002,244.78775,0.0280956004976,-0.00246398485627,-11.4025053466,,,,,,,,-2.25,2.25,,,0.0,0.0,0,,,,
2017-08-09,38.889999,244.777847,0.0257859575953,-4.04562741419e-05,-637.378457166,,,,,,,,-2.25,2.25,,,0.0,0.0,0,,,,
2017-08-10,44.189999,241.322739,0.127761374059,-0.0142158486795,-8.98724915685,,,,,,,,-2.25,2.25,,,0.0,0.0,0,,,,
2017-08-11,45.5,241.679138,0.0292138294438,0.00147576678955,19.7956951266,,,,,,,,-2.25,2.25,,,0.0,0.0,0,,,,
2017-08-14,39.57,244.074951,-0.13964107056,0.00986438398146,-14.1560862616,,,,,,,,-2.25,2.25,,,0.0,0.0,0,,,,
2017-08-15,39.290001,244.045242,-0.0071011963752,-0.000121728215561,58.3364862653,,,,,,,,-2.25,2.25,,,0.0,0.0,0,,,,
2017-08-16,39.060001,244.470947,-0.00587110797197,0.00174284954048,-3.36868320277,,,,,,,,-2.25,2.25,,,0.0,0.0,0,,,,
2017-08-17,45.529999,240.659439,0.153272476333,-0.0157136577609,-9.75409281947,,,,,,,,-2.25,2.25,,,0.0,0.0,0,,,,
2017-08-18,44.189999,240.283249,-0.0298729308701,-0.0015643863026,19.0956228781,,,,,,,,-2.25,2.25,,,0.0,0.0,0,,,,
2017-08-21,42.439999,240.471344,-0.04040720633,0.000782499064331,-51.6386640852,,,,,,,,-2.25,2.25,,,0.0,0.0,0,,,,
2017-08-22,39.32,242.985947,-0.0763579949041,0.010402679713,-7.34022357803,0.0545585849613,0.00548958787996,,,22.3642395394,0.256993332914,,-2.25,2.25,2.0,6.0,0.0,0.0,0,,,,
2017-08-23,39.66,242.114731,0.00860982781268,-0.00359190154207,-2.39701108503,0.0534777429118,0.00542369997609,,,21.5962692143,0.328412945566,,-2.25,2.25,2.0,6.0,0.0,0.0,0,78.64,1457.915682,,
2017-08-24,40.759998,241.550446,0.0273580361952,-0.00233337144314,-11.7246811585,0.0526806587796,0.00533460766964,,,21.2306548418,0.162604450484,,-2.25,2.25,2.0,6.0,0.0,0.0,0,79.32,1452.688386,-4.5596127272,
2017-08-25,39.630001,242.114731,-0.0281147268511,0.00233337144314,-12.0489718573,0.0520113442916,0.00525764914002,,,20.9027375924,0.151448106215,,-2.25,2.25,2.0,6.0,0.0,0.0,0,81.519996,1449.302676,-1.21962216467,
2017-08-28,39.279999,242.124649,-0.00887097440774,4.09632112177e-05,-216.559545603,0.0511074773746,0.0051630442041,,,27.6495240755,-3.23140072388,,-2.25,2.25,2.0,6.0,2.0,6.0,1,79.260002,1452.688386,1.08984905621,
2017-08-29,39.75,242.401855,0.0118943830723,0.00114423474446,10.3950549744,0.0502599525291,0.00507877356722,0.00109970423136,-0.000110086696607,26.3813714405,0.629079230302,,-2.25,2.25,2.0,6.0,0.0,0.0,0,78.559998,1452.747894,-0.64360666811,
2017-08-30,39.540001,243.550232,-0.00529699806703,0.00472630602243,-1.12074800952,0.0502166778805,0.00505502533871,0.001315453755,-0.000132524013387,26.3460708433,0.431491806555,-0.0915086477042,-2.25,2.25,2.0,6.0,0.0,0.0,0,79.5,1454.41113,2.59670732563,
2017-08-31,38.459999,245.015457,-0.0276941288737,0.005998085522,-4.61716138794,0.0504627895859,0.00517709773902,0.00070067303102,5.2569818679e-05,25.8074604071,0.362470699204,-0.0911179384691,-2.25,2.25,2.0,6.0,0.0,0.0,0,79.080002,1461.301392,6.45288073648,
2017-09-01,38.349998,245.361938,-0.00286423849757,0.00141312002221,-2.02688975639,0.0504322200552,0.00517970959445,0.00091643538755,0.000129363089498,26.2244616217,0.413911610456,-0.0925106943706,-2.25,2.25,2.0,6.0,0.0,0.0,0,76.919998,1470.092742,6.57495895591,
2017-09-05,40.439999,243.599747,0.0530648937623,-0.00720792112543,-7.36202475566,0.0511787250631,0.00535025753304,0.00328019621738,-0.000102798600795,28.9174290653,0.368716008428,-0.0928237423079,-2.25,2.25,2.0,6.0,0.0,0.0,0,76.699996,1472.171628,1.85710026873,
2017-09-06,39.5,244.431335,-0.0235186975172,0.00340793377926,-6.901160363,0.0514113671716,0.00536920012241,0.0023600951302,-7.0132253538e-05,29.203541747,0.38149342616,-0.095048181342,-2.25,2.25,2.0,6.0,0.0,0.0,0,80.879998,1461.598482,-6.54121983841,
2017-09-07,39.299999,244.401642,-0.00507617847715,-0.000121485257475,41.7843167365,0.0514292271462,0.00536916658084,0.00213658380195,-7.5527200752e-05,29.1561506368,1.21347229633,-0.0954321412461,-2.25,2.25,2.0,6.0,0.0,0.0,0,79.0,1466.58801,3.07883863037,
2017-09-08,40.259998,244.114548,0.0241338771046,-0.00117537162096,-20.5329758472,0.0515764184755,0.00537070006028,0.00267084855296,-8.37079189232e-05,29.5500322783,0.154241275518,-0.0953603108927,-2.25,2.25,2.0,6.0,0.0,0.0,0,78.599998,1466.409852,-0.5791869217,
2017-09-11,38.02,246.718246,-0.0572460334743,0.0106094069278,-5.39578073154,0.0526949250456,0.00570847652365,0.000423509308789,0.000309065698973,29.4409687672,0.411305008574,-0.0950626023919,-2.25,2.25,2.0,6.0,0.0,0.0,0,80.519996,1464.687288,0.173346167425,
2017-09-12,37.0,247.549866,-0.0271944244161,0.00336505942648,-8.08140985627,0.0529217437129,0.005732755941,-0.000251301678304,0.000440141454392,30.1187842521,0.376960348632,-0.0985958204652,-2.25,2.25,2.0,6.0,0.0,0.0,0,76.04,1480.309476,10.9300130741,
2017-09-13,35.709999,247.668655,-0.0354871790412,0.00047974377872,-73.9711083611,0.0532669848144,0.00572285061506,-0.0010022361466,0.000381921124252,32.3904614149,-0.711257833517,-0.0988385128179,-2.25,2.25,2.0,6.0,0.0,0.0,0,74.0,1485.299196,2.91346532372,
2017-09-14,36.189999,247.589447,0.0133520763407,-0.000319865542251,-41.7427780646,0.0533196221914,0.00572423713172,-0.000737836756684,0.000355091003408,34.1543731979,-0.129803473532,-0.0973184912879,-2.25,2.25,2.0,6.0,0.0,0.0,0,71.419998,1486.01193,-1.91348820023,
2017-09-15,35.57,247.92276,-0.0172802239833,0.00134532730199,-12.8446244701,0.0533407461865,0.00571019957547,-0.00173460178444,0.000464658596071,34.365831947,0.368131054442,-0.0972540751345,-2.25,2.25,2.0,6.0,0.0,0.0,0,72.379998,1485.536682,0.478281253768,
2017-09-18,34.0,248.450058,-0.0451420613442,0.00212460545472,-21.247267931,0.0539264806996,0.00571295890604,-0.00309669631398,0.000474796099141,34.9957207989,0.235174186051,-0.0969639772732,-2.25,2.25,2.0,6.0,0.0,0.0,0,71.14,1487.53656,0.747790479041,
2017-09-19,34.0,248.698792,0.0,0.00100064204415,0.0,0.053900192988,0.00570794722617,-0.0026831679915,0.000446233338238,34.7730974958,0.594811283758,-0.0956775940119,-2.25,2.25,2.0,6.0,0.0,0.0,0,68.0,1490.700348,-0.05097795455,
2017-09-20,34.029999,248.78833,0.000881934510817,0.000359961080427,2.45008296389,0.0535924546175,0.00568152309342,-0.00359029019106,0.000540364869461,34.3113445521,0.628822666609,-0.0955946286424,-2.25,2.25,2.0,6.0,0.0,0.0,0,68.0,1492.192752,1.49165744343,
2017-09-21,34.029999,248.121735,0.0,-0.00268296195555,-0.0,0.0533111060959,0.00571124467557,-0.0044498221109,0.000452281346748,13.0653959799,0.223490155185,-0.0955931607706,-2.25,2.25,4.0,6.0,0.0,0.0,0,68.059998,1492.72998,0.597102861951,
2017-09-22,34.220001,248.171478,0.00556783855975,0.000200458111711,27.7755712264,0.0471764813644,0.00499624986839,-0.00852293996088,0.000932824906456,11.8399686338,0.67764369061,-0.0965657579243,-2.25,2.25,4.0,6.0,0.0,0.0,0,136.119996,1488.73041,-4.00493774624,
2017-09-25,34.290001,247.664063,0.00204349795113,-0.00204670756803,-0.998431814613,0.0466852888684,0.00502436169686,-0.0094286176773,0.000815409094537,12.5331061985,0.197306394084,-0.0923954123428,-2.25,2.25,4.0,6.0,0.0,0.0,0,136.880004,1489.028868,1.05632224932,
2017-09-26,33.869999,247.813309,-0.0123241583328,0.000602433180395,-20.4573033722,0.0397052724302,0.00472478446086,-0.00518472060308,0.000506677401168,12.7431467689,-0.131954520097,-0.0952226265746,-2.25,2.25,4.0,6.0,0.0,0.0,0,137.160004,1485.984378,-2.76789264542,
2017-09-27,33.68,248.778381,-0.0056254479309,0.003886787614,-1.44732578406,0.039703730334,0.00476292688426,-0.00513552898827,0.000640294595486,14.7359405038,0.227308423755,-0.104999057765,-2.25,2.25,3.0,6.0,0.0,0.0,0,135.479996,1486.879854,-0.795175311371,
2017-09-28,33.169998,249.076859,-0.0152583967106,0.00119905551566,-12.7253463341,0.0397466953179,0.00475961977594,-0.00544843861289,0.000622168127993,15.0478292749,0.0397272362539,-0.105070458363,-2.25,2.25,3.0,6.0,0.0,0.0,0,101.04,1492.670286,5.01705053686,
2017-09-29,32.529999,249.952377,-0.0194830829191,0.0035088881979,-5.55249464226,0.0261454948735,0.00364891340204,-0.0112069572546,0.00126291965995,14.9077760023,0.160026782669,-0.10495289785,-2.25,2.25,3.0,6.0,0.0,0.0,0,99.509994,1494.461154,0.248086135849,
2017-10-02,31.84,251.036835,-0.0214393487682,0.00432927363632,-4.95218149029,0.0259827081655,0.00365009932902,-0.0109258378512,0.00145937499125,15.7093694813,0.184007099146,-0.108218003239,-2.25,2.25,3.0,6.0,0.0,0.0,0,97.589997,1499.714262,3.3051356411,
2017-10-03,31.77,251.574097,-0.00220091269476,0.00213788507343,-1.02948129538,0.025418055254,0.00364982053145,-0.00965229473006,0.00150455452489,14.0223967216,0.22225033894,-0.113961126572,-2.25,2.25,4.0,6.0,0.0,0.0,0,95.52,1506.22101,4.40040743452,
2017-10-04,31.83,251.872574,0.00188679301258,0.00118573446668,1.5912441323,0.0221403623227,0.00323987965836,-0.00704413513283,0.00119732301667,13.7246811313,0.261986588024,-0.119921801864,-2.25,2.25,4.0,6.0,0.0,0.0,0,127.08,1509.444582,3.00989623396,
2017-10-05,30.75,253.364944,-0.0345192470415,0.00590761488261,-5.84317829232,0.0224863981759,0.003219819744,-0.0084817709613,0.00151397356416,13.8395533715,0.136782008759,-0.114870998746,-2.25,2.25,4.0,6.0,0.0,0.0,0,127.32,1511.235444,2.02957412246,34.9727437529
2017-10-06,30.82,253.076401,0.00227383563944,-0.00113949239757,-1.99548118468,0.0215548397456,0.00317773093392,-0.00931791097983,0.00155376953235,13.5152467057,0.197051370502,-0.114144417805,-2.25,2.25,4.0,6.0,0.0,0.0,0,123.0,1520.189664,4.53280646679,44.0651629469
2017-10-09,31.4,252.658539,0.0186440630222,-0.00165249446712,-11.2823754592,0.0218374832763,0.00322695555015,-0.00775928465072,0.00142090733534,13.4896934924,0.0377572827149,-0.116034046015,-2.25,2.25,4.0,6.0,0.0,0.0,0,123.28,1518.458406,-1.45256278134,43.8322223302
2017-10-10,30.73,253.325134,-0.0215685167718,0.00263484938831,-8.18586324802,0.0219823435295,0.00322345475532,-0.00818253606285,0.00150737020791,6.5439040806,-0.0280865355859,-0.118023784197,-2.25,2.25,7.0,6.0,0.0,0.0,0,125.6,1515.951234,-0.210804025083,42.5315692489
2017-10-11,30.09,253.723114,-0.0210464855004,0.00156979176359,-13.4071830345,0.0217665576058,0.00322273790587,-0.00928056501528,0.00152155544188,7.33731201423,-0.103828190003,-0.11770076866,-2.25,2.25,6.0,6.0,0.0,0.0,0,215.11,1519.950804,1.28529747507,44.4604733921
2017-10-12,29.91,253.345032,-0.0060000180001,-0.00149124756918,4.02348887207,0.0217624990473,0.00320943171089,-0.00930399901305,0.00131430365549,7.16583745151,0.191399042197,-0.119539831788,-2.25,2.25,7.0,6.0,0.0,0.0,0,180.54,1522.338684,-2.14130324282,39.7224628236
2017-10-13,29.379999,253.653458,-0.0178787359329,0.00121667438515,-14.6947582287,0.0215492238581,0.00308512985877,-0.00897681924835,0.00115492328427,7.5017573462,-0.123039889947,-0.121244151261,-2.25,2.25,7.0,6.0,0.0,0.0,0,209.37,1520.070192,-3.35342711172,29.9161549754
2017-10-16,28.85,253.99173,-0.0182041437549,0.00133271055479,-13.6594879432,0.021581152805,0.00308493272913,-0.0094881494236,0.00115224296869,7.88951061909,-0.0986983578267,-0.117081459011,-2.25,2.25,6.0,6.0,0.0,0.0,0,205.659993,1521.920748,-1.89384047603,21.4473555435
2017-10-17,28.940001,254.170822,0.00311476280348,0.000704861098914,4.41897390603,0.0182600199551,0.00265361318063,-0.0111531537889,0.00141600237616,7.4968106637,0.203825475075,-0.11697662805,-2.25,2.25,7.0,6.0,0.0,0.0,0,173.1,1523.95038,-1.71558423279,17.874671042
2017-10-18,28.780001,254.41954,-0.00554401955201,0.000978068160196,-5.66833660233,0.0181347519443,0.00262767375745,-0.0105539978567,0.00133500685553,7.45571653835,0.0305740308131,-0.108535016323,-2.25,2.25,7.0,6.0,0.0,0.0,0,202.580007,1525.024932,1.61333878082,26.0292296612
2017-10-19,28.58,254.489182,-0.00697356370385,0.000273691518436,-25.4796485609,0.0181182900688,0.00262110286983,-0.0106172440309,0.00134817941473,9.69784871493,-0.269955606559,-0.107561889607,-2.25,2.25,5.0,6.0,0.0,0.0,0,201.460007,1526.51724,0.368470809838,23.3188618407
2017-10-20,28.049999,255.80246,-0.0187185761836,0.00514717777579,-3.63666789822,0.0169346417922,0.00266501483721,-0.0120456591405,0.00155893106128,9.13463844996,0.0940455454777,-0.10731589429,-2.25,2.25,6.0,6.0,0.0,0.0,0,142.9,1526.935092,-0.987099371259,22.9109493911
2017-10-23,28.950001,254.807541,0.0315816422432,-0.00389698696525,-8.10411800831,0.0165195144858,0.0022499672874,-0.00908473661663,0.00107538459818,9.22491635919,0.0191718182713,-0.114911967756,-2.25,2.25,6.0,6.0,0.0,0.0,0,168.299994,1534.81476,5.18452183397,27.9221250577
2017-10-24,29.25,255.255264,0.0103093351165,0.00175556072939,5.87238877241,0.0165208554023,0.00221236268034,-0.00783461129888,0.00102173464161,8.75978973823,0.250290756673,-0.0937176999325,-2.25,2.25,6.0,6.0,0.0,0.0,0,173.700006,1528.845246,-0.665962913747,16.3261490699
2017-10-25,30.219999,253.99173,0.0326243500761,-0.00496237231747,-6.57434549221,0.0172535303131,0.00246681751791,-0.00556422699497,0.000840330771738,6.51323097594,-0.00104539447164,-0.0865430214998,-2.25,2.25,7.0,6.0,0.0,0.0,0,175.5,1531.531584,4.47471224679,17.8873959929
2017-10-26,30.08,254.320053,-0.00464342467229,0.00129181756803,-3.59448949077,0.016882016225,0.00245821404256,-0.00616407702874,0.000894053542081,5.24162135681,0.0281750171918,-0.107699103168,-2.25,2.25,8.0,5.0,0.0,0.0,0,211.539993,1523.95038,-1.87445649743,17.9264276957
2017-10-27,28.43,256.399414,-0.0564155734187,0.00814291455109,-6.92817946999,0.0191326254394,0.00279188337289,-0.00746858867658,0.00112063978372,5.04440652347,-0.0322228816331,-0.109668804932,-2.25,2.25,9.0,5.0,0.0,0.0,0,240.64,1271.600265,0.986395851022,18.434542293
2017-10-30,28.68,255.444305,0.00875509006851,-0.00373203801519,-2.34592735467,0.0179681235386,0.00292103525928,-0.00567201696282,0.000925418334721,4.41436183759,0.0353816098869,-0.118391347834,-2.25,2.25,10.0,5.0,0.0,0.0,0,255.87,1281.99707,-3.22131128644,14.4654405275
2017-10-31,28.16,255.84227,-0.0182974844416,0.00155672024194,-11.7538681316,0.0180791565668,0.0029232925382,-0.00628193311088,0.000943954274647,4.80615744198,-0.118844078097,-0.137479497102,-2.25,2.25,10.0,5.0,0.0,0.0,0,286.8,1277.221525,-2.54429690477,11.9721215773
2017-11-01,28.309999,256.180542,0.00531253251076,0.00132131632141,4.02063640982,0.018157621613,0.00292193892829,-0.00613424651088,0.000975999449347,4.75380566045,0.15009123512,-0.136646128323,-2.25,2.25,10.0,5.0,0.0,0.0,0,281.6,1279.21135,-3.25944193643,7.22102219744
2017-11-02,28.0,256.280029,-0.0110105536254,0.000388271827648,-28.3578483973,0.0181406247954,0.00284203117758,-0.00650126496506,0.00107837390879,5.69906727369,-0.387589822568,-0.134587374634,-2.25,2.25,8.0,5.0,0.0,0.0,0,283.09999,1280.90271,3.18625199032,9.8101713258
2017-11-03,27.940001,257.135681,-0.00214512055541,0.00333317728901,-0.643566294083,0.0180179178196,0.00286611214721,-0.00675836360223,0.00118279788136,6.64637185771,0.102681001711,-0.132069388179,-2.25,2.25,8.0,6.0,0.0,0.0,0,224.0,1281.400145,-2.61974918499,11.1953598871
2017-11-06,27.67,257.53363,-0.00971059582096,0.00154642630054,-6.2793783432,0.0179475799268,0.00280083443756,-0.00715016672797,0.00130256901032,6.82240340866,0.00928871626525,-0.131620099884,-2.25,2.25,7.0,6.0,0.0,0.0,0,223.520008,1542.814086,3.79062685703,13.9296644948
2017-11-07,27.84,257.354553,0.00612504166738,-0.000695595716247,-8.80546202962,0.0180797737383,0.00282196949024,-0.00653519339463,0.00125930138043,6.43400869724,-0.0405648993787,-0.129575002024,-2.25,2.25,8.0,6.0,0.0,0.0,0,193.69,1545.20178,0.215335823848,16.912892964
2017-11-08,27.85,257.792297,0.000359130907074,0.00169949250533,0.211316558294,0.0181231216061,0.00277968276099,-0.00633570743336,0.00118639154347,6.37872061916,0.112725893171,-0.130783299665,-2.25,2.25,8.0,6.0,0.0,0.0,0,222.72,1544.127318,0.11152358165,17.8195918571
2017-11-09,28.27,256.857086,0.0149682053322,-0.00363436568777,-4.11851932858,0.0184472836662,0.00291567262713,-0.00532815403193,0.00102527750336,6.09182638565,0.0337544075273,-0.130044947392,-2.25,2.25,8.0,6.0,0.0,0.0,0,222.8,1546.753782,2.70421843984,15.50675976
2017-11-10,28.9,256.777496,0.0220404234129,-0.000309909042055,-71.1190072633,0.0189008023902,0.00288672080479,-0.0039440371542,0.000897984262026,8.27737680635,-1.07493762642,-0.135416465043,-2.25,2.25,6.0,6.0,0.0,0.0,0,226.16,1541.142516,-2.28655272471,12.9721208995
2017-11-13,28.99,257.016266,0.00310934781518,0.000929439144061,3.34540226226,0.0186469429497,0.00281316792811,-0.00312574726809,0.000784656445617,8.00079068126,0.194082324455,-0.128619543767,-2.25,2.25,6.0,6.0,0.0,0.0,0,173.4,1540.664976,4.50704815825,14.1740334166
2017-11-14,29.219999,256.419342,0.00790242916585,-0.0023252157024,-3.39857896096,0.0187551452548,0.00285681038319,-0.00278896920607,0.000635886419756,8.07976060345,0.0800739612745,-0.125894122751,-2.25,2.25,6.0,6.0,0.0,0.0,0,173.94,1542.097596,1.97111524773,11.7447412298
2017-11-15,30.290001,255.13588,0.0359642859539,-0.00501789303619,-7.16720856634,0.0200363046195,0.00303462579368,-0.00165305277469,0.000429098836327,8.37170902674,0.0206035848611,-0.127783108736,-2.25,2.25,6.0,6.0,0.0,0.0,0,175.319994,1538.516052,-2.21116101574,6.52368398015
2017-11-16,29.059999,257.304779,-0.0414550343228,0.00846502678206,-4.89721242355,0.0204640636121,0.00322385315373,-0.00188424568407,0.000514345899642,8.34017683111,0.0588936340642,-0.130399465539,-2.25,2.25,6.0,6.0,0.0,0.0,0,181.740006,1530.81528,-1.41485058574,3.07925927195
2017-11-17,28.6,256.548645,-0.0159559059048,-0.00294299701214,5.42165209104,0.0206064968144,0.00327220933211,-0.00249190373554,0.000454229079156,8.09293905525,0.231173863938,-0.136466623435,-2.25,2.25,6.0,6.0,0.0,0.0,0,174.359994,1543.828674,5.42435415704,3.9708069622
2017-11-20,27.700001,256.98642,-0.0319742685314,0.00170494727968,-18.7538165623,0.020886621009,0.00325504133258,-0.00417918145399,0.00056614380405,8.34198709202,-0.178099568329,-0.130166398621,-2.25,2.25,6.0,6.0,0.0,0.0,0,171.6,1539.29187,-7.32555483265,-1.90218508912
2017-11-21,26.620001,258.667816,-0.0397695987617,0.00652143177202,-6.09829254556,0.0216592127036,0.00341369414016,-0.00478588418699,0.000695696550173,8.27240140194,0.0371892230783,-0.125645582592,-2.25,2.25,7.0,6.0,0.0,0.0,0,166.200006,1541.91852,-2.86237299361,-4.55375405764
2017-11-22,26.389999,258.438995,-0.00867773791061,-0.00088500483872,9.80529996103,0.0214557790567,0.00342143159031,-0.00437359260066,0.000613869996763,7.49865196876,0.295992781853,-0.129603721831,-2.25,2.25,7.0,6.0,0.0,0.0,0,186.340007,1552.006896,3.44580887339,-2.39324265933
2017-11-24,26.27,259.035919,-0.00455750892464,0.00230706551608,-1.97545708732,0.0214536247219,0.00341110819646,-0.00432550896481,0.000740480432938,7.69861683407,0.097897519671,-0.130471783062,-2.25,2.25,7.0,6.0,0.0,0.0,0,184.729993,1550.63397,-2.99054335569,-3.2424827722
2017-11-27,26.209999,258.906616,-0.00228662451551,-0.000499294782523,4.57970841184,0.0213022952367,0.00341722939268,-0.00380577191757,0.000683281460682,7.05613461272,0.199036934454,-0.130791515856,-2.25,2.25,8.0,6.0,0.0,0.0,0,183.89,1554.215514,2.7355055685,2.84644990802
2017-11-28,25.860001,261.533173,-0.0134435671685,0.0100936913569,-1.33187816956,0.0212088662637,0.00382470106287,-0.00364708603135,0.000975314154085,6.64521428693,0.090887280818,-0.132290259159,-2.25,2.25,8.0,5.0,0.0,0.0,0,209.679992,1553.439696,-1.19649907921,3.54379130484
2017-11-29,26.450001,261.373993,0.022558784098,-0.000608827016599,-37.0528631007,0.0217137227665,0.00383540961666,-0.0029989519882,0.000931524550235,8.02760885382,-0.496491540394,-0.139800802045,-2.25,2.25,7.0,6.0,0.0,0.0,0,206.880008,1307.665865,12.8610937766,18.1204693142
2017-11-30,26.530001,263.662323,0.00302000973133,0.00871689984109,0.346454563708,0.0217353935997,0.00409041868618,-0.00271348434542,0.00118948560626,7.82711581495,0.139813023283,-0.13621562715,-2.25,2.25,7.0,6.0,0.0,0.0,0,185.150007,1568.243958,3.87081912737,20.3779496608
2017-12-01,27.26,263.115082,0.0271442204256,-0.0020776942658,-13.0645884105,0.0223875936995,0.00413090000555,-0.00157622487444,0.00111110608012,7.41328047661,-0.0966684583527,-0.132676413265,-2.25,2.25,7.0,6.0,0.0,0.0,0,185.710007,1581.973938,14.2293803312,34.2388591821
2017-12-04,27.040001,262.796753,-0.00810313811138,-0.00121057948383,6.69360270816,0.0221903290018,0.00407946366784,-0.0012223769387,0.000899180838136,7.06893812306,0.235415167733,-0.131854586063,-2.25,2.25,7.0,6.0,0.0,0.0,0,190.82,1578.690492,1.75409518561,36.980053739
2017-12-05,26.92,261.851563,-0.00444778338048,-0.00360314135684,1.2344182312,0.0213112721161,0.00406788724318,-0.00242335779283,0.00090897569175,6.75765358174,0.136708399231,-0.128145468417,-2.25,2.25,8.0,5.0,0.0,0.0,0,189.280007,1576.780518,-3.45737113534,28.3381607697
2017-12-06,26.91,261.901306,-0.000371540037713,0.000189948363413,-1.95600546926,0.021180036991,0.00406669433414,-0.00277938696464,0.000856788612884,7.01860005647,0.0865982211082,-0.125860233953,-2.25,2.25,7.0,6.0,0.0,0.0,0,215.36,1309.257815,-6.52323956445,22.480884119
2017-12-07,26.01,262.727081,-0.0340168852783,0.0031480404127,-10.8057333511,0.0208306360954,0.00393392256555,-0.00500076147645,0.00112713570389,7.15964631843,-0.0623681485055,-0.128409610487,-2.25,2.25,8.0,6.0,0.0,0.0,0,188.37,1571.407836,0.168676516723,18.1748483889
2017-12-08,25.190001,264.15976,-0.0320339493977,0.00543829308107,-5.89044189421,0.0214067376885,0.00401197562897,-0.00591377896729,0.00126535155432,7.23617806521,0.0230194925709,-0.120637387439,-2.25,2.25,8.0,5.0,0.0,0.0,0,208.08,1576.362486,-1.4609053073,18.588399579
2017-12-11,24.32,264.955688,-0.0351480729648,0.00300852527875,-11.682824543,0.0199813188204,0.00381305179189,-0.0052048622855,0.00109420524525,7.39466623431,-0.0733510999085,-0.12272093499,-2.25,2.25,8.0,5.0,0.0,0.0,0,201.520008,1320.7988,1.90709701019,19.5091007382
2017-12-12,24.379999,265.423309,0.00246402593793,0.00176334705489,1.39735733309,0.0198624166668,0.00370363307145,-0.00541456442318,0.00127738474758,7.26989007805,0.148257616679,-0.114943496945,-2.25,2.25,8.0,5.0,0.0,0.0,0,194.56,1324.77844,-3.10938336711,19.6210286575
2017-12-13,24.290001,265.393463,-0.00369829885261,-0.00011245311605,32.8874733091,0.0197141850542,0.00371182077059,-0.00492792490355,0.00122174563565,5.78184536336,0.661458102327,-0.109885677215,-2.25,2.25,10.0,5.0,0.0,0.0,0,195.039992,1327.116545,2.81544504704,24.9807706093
2017-12-14,24.18,264.30899,-0.00453893899664,-0.00409465543935,1.10850328284,0.0196195477561,0.00383642810387,-0.00525630728713,0.00104121324362,5.8789164676,0.119523321511,-0.111364636107,-2.25,2.25,10.0,5.0,0.0,0.0,0,242.90001,1326.967315,-0.870554569473,27.3696579763
2017-12-15,23.360001,266.51001,-0.0345006444184,0.00829296846674,-4.1602285788,0.0203135762838,0.00405524798757,-0.00603931031357,0.00130470313159,5.07232914031,0.015601937848,-0.112877513258,-2.25,2.25,11.0,5.0,0.0,0.0,0,241.8,1321.54495,-6.53598226188,17.6474237241
2017-12-18,23.040001,268.200012,-0.0137933215378,0.00632121171419,-2.18206922366,0.0203478689485,0.00414254249047,-0.00642758367964,0.0014043042791,5.1236125713,0.0503165751929,-0.122814992818,-2.25,2.25,11.0,5.0,0.0,0.0,0,256.960011,1332.55005,2.61727477737,22.8844476865
2017-12-19,23.139999,267.170013,0.00433079931985,-0.00384780702212,-1.12552404394,0.0204310699517,0.00425178923643,-0.00595953717495,0.00122449650168,4.95181742799,0.0654506685829,-0.126202243668,-2.25,2.25,11.0,5.0,0.0,0.0,0,253.440011,1341.00006,4.87899893174,23.9728197612
2017-12-20,23.07,267.029999,-0.00302960636466,-0.000524200674133,5.77947819252,0.0203123742008,0.00424923460897,-0.00626469210935,0.00123020966975,4.46565275392,0.175248106421,-0.129597043897,-2.25,2.25,12.0,5.0,0.0,0.0,0,254.539989,1335.850065,-4.06231162027,19.695172317
2017-12-21,22.889999,267.579987,-0.00783298190839,0.00205753056782,-3.80698203512,0.0202752875759,0.00425110050071,-0.00653776253653,0.00124214427183,4.59959604036,0.013558060338,-0.129600657607,-2.25,2.25,12.0,5.0,0.0,0.0,0,276.84,1335.149995,-1.47140947535,18.11223926
2017-12-22,23.030001,267.51001,0.00609766697694,-0.000261552265194,-23.3133785801,0.02001383646,0.00416133834057,-0.00683344714838,0.00135457138592,5.23942468208,-0.30916405195,-0.130436586406,-2.25,2.25,11.0,5.0,0.0,0.0,0,274.679988,1337.899935,0.578629215817,15.986650036
2017-12-26,23.030001,267.190002,0.0,-0.00119696289892,-0.0,0.0193095105823,0.00417669631056,-0.00756812792881,0.00132500292402,2.86879110664,0.0490721115994,-0.126388196079,-2.25,2.25,17.0,5.0,0.0,0.0,0,253.330011,1337.55005,1.32497633345,19.5981790942
2017-12-27,23.16,267.320007,0.00562889545058,0.000486445530952,11.5714814762,0.0193629579732,0.00417892551939,-0.00748414300763,0.00131023647025,2.59458846617,0.242317735693,-0.133004588175,-2.25,2.25,19.0,5.0,0.0,0.0,0,391.510017,1335.95001,-1.60099778529,13.4901331506
2017-12-28,22.780001,267.869995,-0.0165436507876,0.00205530070275,-8.04926051233,0.0192068664265,0.00412368312863,-0.00829901233941,0.00145625368376,2.74961118455,-0.090653161413,-0.132897270986,-2.25,2.25,18.0,5.0,0.0,0.0,0,440.04,1336.600035,2.85363586549,14.3726537684
2017-12-29,23.15,266.859985,0.0161117786151,-0.00377764942644,-4.26502748039,0.0179287070494,0.00406229935889,-0.00896076258404,0.00149759513741,2.65287181502,-0.0275767317264,-0.130134757575,-2.25,2.25,18.0,5.0,0.0,0.0,0,410.040018,1339.349975,-4.53275310135,12.0510616828
2018-01-01,23.15,266.859985,0.0,0.0,,0.0169062844182,0.00385010137744,-0.00757892810661,0.00121542757801,2.57548075955,,-0.132227196249,-2.25,2.25,19.0,5.0,0.0,0.0,0,416.7,1334.299925,1.54687932847,15.012791597
2018-01-02,22.33,268.769989,-0.0360637146802,0.00713183424538,-5.05672361967,0.0176328288803,0.00391373841552,-0.00824918839912,0.0015512552866,2.93680405992,-0.036262287964,-0.121597706634,-2.25,2.25,18.0,5.0,0.0,0.0,0,439.85,1334.299925,0.0,9.58843743994
2018-01-03,21.889999,270.470001,-0.0199012000003,0.00630523575277,-3.15629752488,0.0172052661241,0.00400893136681,-0.00784675278142,0.0017045982357,2.39895857588,-0.0129546627979,-0.133588871072,-2.25,2.25,21.0,4.0,0.0,0.0,0,401.94,1343.849945,-6.34661900335,10.5673732692
2018-01-04,21.82,271.609985,-0.00320288544689,0.00420596852857,-0.761509608341,0.0161272321423,0.00393459740788,-0.00662786233759,0.00162741612758,2.21493157804,0.0248615122004,-0.146554463461,-2.25,2.25,22.0,4.0,0.0,0.0,0,459.689979,1081.880004,0.474202391469,13.9039486543
2018-01-05,21.83,273.420013,0.000458190156928,0.00664196341799,0.0689841434065,0.0161733804902,0.00400816220311,-0.00632333140201,0.00187831506948,2.55066660623,0.0448104407604,-0.14450146119,-2.25,2.25,20.0,4.0,0.0,0.0,0,480.04,1086.43994,3.0780189047,13.5361586856
2018-01-08,21.549999,273.920013,-0.0129094004158,0.00182701836274,-7.06582959376,0.0162137679868,0.00400734965319,-0.00660172778505,0.0018623134977,2.72619669266,-0.0742315986446,-0.139974892187,-2.25,2.25,19.0,5.0,0.0,0.0,0,436.6,1093.680052,7.43604394026,23.9627459816
2018-01-09,21.77,274.540009,0.0101571051004,0.00226086219313,4.49258036658,0.0164848715537,0.003982870151,-0.00618693679785,0.00195431873022,2.72920110802,0.123532196418,-0.13935094646,-2.25,2.25,19.0,4.0,0.0,0.0,0,409.449981,1369.600065,-3.63807068357,17.5891697295
2018-01-10,21.559999,274.119995,-0.00969317558785,-0.00153105412819,6.33104696262,0.01644210836,0.00372053171722,-0.00606192374516,0.00156682721405,2.46496231036,0.150460152945,-0.132809866457,-2.25,2.25,21.0,4.0,0.0,0.0,0,413.63,1098.160036,7.25530349705,26.0409723058
2018-01-11,21.43,276.119995,-0.00604789017312,0.00726958724977,-0.831944093292,0.0155291962083,0.00383786646828,-0.0070154795542,0.00182944102293,1.21596510321,0.00656887209785,-0.124223699138,-2.25,2.25,32.0,3.0,0.0,0.0,0,452.759979,1096.47998,-5.69073067493,7.48914785425
2018-01-12,21.440001,277.920013,0.000466573358906,0.00649781354164,0.0718046702811,0.0154792128101,0.00372012152204,-0.00710059409995,0.00175547147961,1.22543578919,0.0221899490872,-0.129269006271,-2.25,2.25,32.0,3.0,0.0,0.0,0,685.76,828.359985,5.23271425446,8.85104298133
2018-01-15,21.440001,277.920013,0.0,0.0,,0.0141442393197,0.00366523484088,-0.00800540144747,0.00182472795514,0.802608909853,,-0.135052807198,-2.25,2.25,39.0,3.0,0.0,0.0,0,686.080032,833.760039,5.70248607449,0.324148724648
2018-01-16,22.76,276.970001,0.0597462264137,-0.00342414858532,-17.4484911869,0.0187897147108,0.00374975277717,-0.0057437559633,0.00175094231842,1.66482654896,-0.269987504761,-0.140948316552,-2.25,2.25,25.0,4.0,0.0,0.0,0,836.160039,833.760039,0.0,-1.42994646096
2018-01-17,22.23,279.609985,-0.023561881282,0.00948652076953,-2.48372209943,0.019066287039,0.00386505290276,-0.00638089256001,0.0021872643893,1.79761727506,-0.0117361673469,-0.114142527846,-2.25,2.25,25.0,4.0,0.0,0.0,0,569.0,1107.880004,47.1024887502,49.1299134246
2018-01-18,22.34,279.140015,0.00493606566495,-0.00168221963608,-2.93425754823,0.0191484202511,0.00391322772605,-0.00620397236993,0.00212485878932,1.83255484931,-0.0188451775614,-0.122480277154,-2.25,2.25,24.0,4.0,0.0,0.0,0,555.75,1118.43994,-2.89678378138,52.7563692076
2018-01-19,22.26,280.410004,-0.00358744779366,0.00453933031046,-0.790303315313,0.0184162793422,0.00393396104241,-0.00518965778711,0.00217123511925,1.47486091946,0.0117097013683,-0.124390197772,-2.25,2.25,28.0,4.0,0.0,0.0,0,536.16,1116.56006,0.861756864454,53.4494495554
2018-01-22,21.790001,282.690002,-0.0213401509983,0.00809806583423,-2.63521579536,0.0179770270332,0.00403870616263,-0.00483319784046,0.00225989421102,1.3586028445,-0.0218371052006,-0.131084922406,-2.25,2.25,30.0,4.0,0.0,0.0,0,623.28,1121.640016,3.14498891476,58.0553437774
2018-01-23,22.139999,283.290009,0.0159346872642,0.00212024175099,7.51550489787,0.0174171569322,0.00403628383764,-0.00313043916615,0.00223028476009,0.672948221608,0.140067600034,-0.138525899829,-2.25,2.25,41.0,3.0,0.0,0.0,0,653.70003,1130.760008,-4.21777462232,51.9304721449
2018-01-24,22.719999,283.179993,0.0258596677255,-0.000388426575087,-66.5754337733,0.0181832116282,0.00406389192557,-0.0023505844399,0.00215855897243,3.10054790398,-1.08576977806,-0.145152831782,-2.25,2.25,17.0,5.0,0.0,0.0,0,907.739959,849.870027,12.813990122,67.853845634
2018-01-25,23.1,283.299988,0.0165870676889,0.000423651340981,39.1526382295,0.0185056824133,0.00405472962752,-0.00167440555518,0.00217642912099,2.87679201396,0.718934497042,-0.140650180356,-2.25,2.25,17.0,4.0,0.0,0.0,0,386.239983,1415.899965,23.143741617,88.182142204
2018-01-26,22.93,286.579987,-0.00738652065793,0.0115113194474,-0.641674544062,0.0185281710788,0.00422014707615,-0.00176932494389,0.00269662828388,2.93929836492,0.0393020085325,-0.139443992227,-2.25,2.25,17.0,4.0,0.0,0.0,0,392.7,1133.199952,7.00643666104,96.0591334345
2018-01-29,24.6,284.679993,0.0703003460685,-0.00665196608385,-10.5683560593,0.021744670797,0.00441436431388,0.00172404140567,0.00219846379886,3.16816006066,-0.126584066391,-0.146117336268,-2.25,2.25,15.0,5.0,0.0,0.0,0,389.81,1146.319948,10.1439399828,112.739055679
2018-01-30,25.379999,281.76001,0.0312149799468,-0.010310037603,-3.02763007749,0.0221853419538,0.00489671728553,0.00322431812182,0.00164408882163,3.19835866258,0.0029203981291,-0.138056090882,-2.25,2.25,15.0,5.0,0.0,0.0,0,369.0,1423.399965,19.7784964856,129.900277387
2018-01-31,24.799999,281.899994,-0.0231178100368,0.00049669659683,-46.5431214636,0.0226982163515,0.00479181700819,0.0023093644766,0.00178890560892,4.82041571328,-0.713687820654,-0.152240203758,-2.25,2.25,11.0,5.0,0.0,0.0,0,380.699985,1408.80005,-3.15697956283,121.864298893
2018-02-01,24.040001,281.579987,-0.031124461584,-0.00113582396959,27.4025398453,0.0234917939889,0.00480328519028,0.00137286930262,0.00176851816574,4.0481635114,0.537980064644,-0.142742396508,-2.25,2.25,13.0,5.0,0.0,0.0,0,272.799989,1409.49997,-8.10120374379,117.825406769
2018-02-02,27.309999,275.450012,0.127533747605,-0.0220103853825,-5.79425327581,0.032813517835,0.00647307105197,0.00588509361972,0.000966254300731,4.11913748428,-0.0286536962813,-0.127958751239,-2.25,2.25,11.0,5.0,0.0,0.0,0,312.520013,1407.899935,-10.0916966288,109.205119616
2018-02-05,36.66,263.929993,0.294433343543,-0.0427222775337,-6.89179885858,0.0620661160901,0.0102758538785,0.0154962828386,-0.000449103208219,3.53265249423,-0.0574598843704,-0.158096219672,-2.25,2.25,10.0,5.0,0.0,0.0,0,300.409989,1377.25006,8.86842830996,117.49491871
2018-02-06,35.470001,269.130005,-0.0329989454332,0.0195106628676,-1.69132877018,0.0626399770258,0.0109003977422,0.0143963179908,0.000241150983997,3.59305709316,0.0325300173586,-0.153378055332,-2.25,2.25,10.0,5.0,0.0,0.0,0,366.6,1319.649965,29.6114581982,145.781400575
2018-02-07,36.869999,267.670013,0.0387108881454,-0.00543962574918,-7.11646167039,0.0627713653551,0.0109493849636,0.0154990510806,4.36152746595e-05,4.26048363411,-0.0488529376007,-0.158988875449,-2.25,2.25,8.0,5.0,0.0,0.0,0,354.70001,1345.650025,13.6498321745,161.032230535
2018-02-08,45.77,257.630005,0.216230669542,-0.0382304605842,-5.65597866826,0.0723324230684,0.0129768252594,0.0232581950916,-0.00129924343491,4.17500928254,-0.0253327245763,-0.159456790877,-2.25,2.25,7.0,5.0,0.0,0.0,0,294.959992,1338.350065,6.41091988689,164.589514556
2018-02-09,41.41,261.5,-0.100106457108,0.0149098170207,-6.71413049331,0.0757593619831,0.0132982916348,0.0193842539008,-0.000676327886668,4.26247724728,-0.0419367591504,-0.168238804805,-2.25,2.25,7.0,5.0,0.0,0.0,0,320.39,1288.150025,12.6136571504,181.735924808
2018-02-12,39.68,265.339996,-0.0426751151408,0.0145777239088,-2.92741963065,0.0765325843128,0.0135870593361,0.0179617500628,-0.000190403756375,4.21644077774,0.0220493536242,-0.165047844295,-2.25,2.25,8.0,5.0,0.0,0.0,0,289.87,1307.5,-12.8670266249,167.322018854
