,index,Ticker,Price
0,1,AAPL,154.52
1,2,BAC,29.74
2,3,AMZN,1350.5
3,4,T,35.57
4,5,GOOG,1001.52
5,6,MO,64.05
6,7,DAL,51.23
7,8,AA,45.98
8,9,AXP,88.34
9,11,BABA,173.7
10,12,ABT,56.27
11,13,UA,11.95
12,14,AMAT,45.75
13,15,AMGN,173.12
14,16,AAL,48.6
15,17,AIG,58.28
16,18,ALL,90.06
17,19,ADBE,185.16
18,20,GOOGL,1007.71
19,21,ACN,150.51
20,22,ABBV,108.48
21,23,MT,32.1
22,24,LLY,74.21
23,25,AGN,164.2
24,26,APA,37.73
25,27,ADP,108.25
26,28,APC,56.2
27,29,AKAM,62.49
28,30,NLY,10.11
29,31,ABX,13.23
30,32,ATVI,65.83
31,33,ADSK,104.81
32,34,ADM,41.35
33,35,WBA,68.22
34,36,ARNA,38.4
35,37,LUV,55.63
36,38,ACAD,28.35
37,39,PANW,151.32
38,40,AMD,11.22
39,41,AET,178.0
40,42,AEP,63.38
41,43,ALXN,108.47
42,45,AVGO,229.57
43,46,EA,116.54
44,47,DB,15.49
45,49,AEM,43.46
46,50,APD,152.8
47,51,AMBA,46.2
48,52,NVS,82.54
49,54,ANF,20.13
50,55,LULU,76.67
51,57,ARRY,16.87
52,58,AGNC,18.48
53,59,JBLU,19.83
54,60,A,65.05
55,61,ORLY,252.22
56,62,FOLD,14.875
57,63,AZO,718.57
58,65,AN,52.69
59,66,AZN,34.1
60,67,AES,10.06
61,69,BUD,103.6
62,70,ARR,22.33
63,71,BDX,211.44
64,73,AB,24.6
65,74,ACOR,23.85
66,75,CS,17.19
67,76,AFL,83.25
68,77,ADI,82.68
69,79,ACIW,20.71
70,80,AMP,152.5
71,82,AMTD,54.34
72,83,AEO,17.46
73,84,AWK,76.06
74,85,NVO,48.52
75,86,ALTR,25.29
76,87,ALK,64.04
77,88,PAA,20.93
78,89,ARCC,15.56
79,90,AAP,109.63
80,94,AIV,38.21
81,95,AGIO,74.26
82,96,AEE,52.59
83,97,UBS,18.5
84,99,ARLP,18.4
85,100,ANTM,230.57
86,103,AFSI,12.53
87,104,ABC,91.55
88,105,STO,21.71
89,106,ATI,25.4
90,107,ADT,12.37
91,108,AVB,154.94
92,110,ALNY,116.32
93,111,LH,165.46
94,112,AVY,110.77
95,114,ASH,70.46
96,119,ACXM,26.03
97,121,ACET,7.43
98,122,ABMD,229.5
99,123,ABM,34.55
100,126,ATO,78.95
101,128,AON,136.05
102,130,ADC,44.27
103,131,APU,45.25
104,132,SAVE,39.06
105,134,AKRX,31.19
106,135,ADS,240.6
107,136,ABAX,62.84
108,137,AYI,145.41
109,140,AMT,133.57
110,141,ALDR,13.25
111,142,ACM,34.5
112,145,ARW,76.32
113,146,ARI,17.75
114,148,AR,17.02
115,150,AMC,13.75
116,151,AL,43.8
117,153,AAN,38.47
118,154,WTR,33.13
119,155,FCAU,21.48
120,156,BAH,36.48
121,158,AVT,39.62
122,159,ALB,105.18
123,160,AIZ,85.16
124,161,SAIC,67.73
125,162,CAR,40.38
126,164,AU,9.96
127,166,APH,84.44
128,170,AI,10.8
129,172,WMC,8.8
130,173,JKHY,114.37
131,174,AVAV,46.01
132,175,AMKR,8.82
133,177,ACH,14.8
134,178,ERC,13.02
135,181,AEIS,62.4
136,182,Y,562.45
137,183,MTGE,16.85
138,184,CENX,20.83
139,188,AMAG,12.3
140,189,ALKS,53.67
141,191,ADES,8.24
142,193,AAON,33.05
143,194,XLRN,38.97
144,195,VRSK,92.28
145,197,OA,130.9
146,199,APTS,14.3
147,200,APO,32.03
148,202,ALG,109.74
149,206,RBA,30.38
150,207,MAA,85.39
151,208,BAM,38.01
152,209,ATHN,127.27
153,212,ARCO,9.5
154,213,ANET,264.52
155,214,ANCX,28.3
156,215,AIR,38.54
157,217,WAB,71.15
158,218,RS,80.96
159,219,PKG,111.95
160,221,AXDX,23.6
161,222,AVHI,16.15
162,223,AVA,50.16
163,226,ANGI,13.35
164,227,AMG,179.11
165,228,ALSN,41.78
166,229,ALGN,220.71
167,230,AKBA,14.0
168,231,AGO,33.95
169,234,ROK,178.73
170,235,GLPI,33.22
171,236,DNI,12.74
172,237,AZZ,41.7
173,238,ATRC,15.05
174,239,ARRS,23.46
175,240,ARMK,40.55
176,241,AOS,60.24
177,243,AMID,12.55
178,244,AMCX,50.58
179,246,ALE,68.56
180,249,ABB,24.29
181,250,SPR,85.85
182,251,SEE,42.62
183,253,PAAS,15.46
184,254,DLPH,51.93
185,257,BBVA,8.61
186,258,AYR,21.54
187,259,APOG,42.03
188,260,ANDE,31.6
189,263,AMED,55.24
190,264,ALEX,22.21
191,265,ALCO,26.15
192,266,ADUS,35.85
193,269,AAWW,51.75
194,270,WMS,24.05
195,272,MDRX,13.63
196,274,ETH,24.3
197,275,AZPN,71.33
198,276,AXE,75.95
199,279,AMH,18.73
200,280,AME,72.05
201,281,AJG,64.4
202,283,AHGP,26.82
203,284,AGCO,67.7
204,285,AERI,53.55
205,286,ACRE,12.07
206,287,ABEO,15.55
207,288,WAL,56.77
208,290,SHLM,35.55
209,292,HTA,25.44
210,293,GIII,33.75
211,295,CVU,8.0
212,298,ATU,22.8
213,301,ARE,114.58
214,302,ANSS,148.84
215,303,AMNB,36.0
216,307,AIN,62.45
217,308,AHL,37.0
218,309,AGX,38.9
219,311,ADTN,15.9
220,312,ADMS,35.28
221,313,ACLS,22.45
222,314,ABG,67.75
223,316,NXJ,13.2
224,317,KS,34.5
225,318,HOLI,23.74
226,319,GPI,75.04
227,322,AXTA,30.0
228,323,AWR,50.34
229,324,AWI,58.5
230,327,ATHM,72.0
231,330,AROC,9.1
232,332,ALX,340.07
233,335,AER,50.97
234,336,AE,40.9
235,339,ODC,36.63
236,341,KAR,49.0
237,344,FMS,51.53
238,345,DOX,63.79
239,346,CXW,19.92
240,348,AXS,50.01
241,349,AXL,15.77
242,353,ASGN,70.1
243,356,AQXP,13.4
244,359,AMBC,14.62
245,360,ALGT,157.4
246,362,AIT,68.25
247,364,AIMC,46.2
248,365,AEL,30.19
249,369,ACHC,34.02
250,370,ACFC,9.99
251,371,ACCO,11.25
252,374,RPAI,11.21
253,375,MANH,40.02
254,376,LAMR,65.92
255,377,KYN,17.99
256,379,ATRO,38.9
257,380,ATNI,53.42
258,382,APEI,23.4
259,383,AP,11.25
260,384,ANIK,57.6
261,385,ANGO,16.4
262,388,AMOT,29.86
263,389,AM,27.78
264,390,ALV,137.75
265,391,ALOG,78.05
266,392,AKR,21.91
267,393,AEGN,23.91
268,395,WRLD,105.38
269,396,UHAL,351.67
270,398,SAH,19.9
271,400,NAII,11.25
272,403,CACC,305.38
273,404,ATSG,22.98
274,406,ASB,23.6
275,408,AROW,31.75
276,409,ARCB,32.95
277,410,AMRK,12.13
278,411,ALRM,35.01
279,412,AHP,8.64
280,414,AFAM,56.85
281,416,ACSF,10.6
282,421,AAOI,32.05
283,422,USAP,23.14
284,423,STFC,28.32
285,424,STAY,18.7
286,426,RGA,146.45
287,429,CH,8.97
288,430,CEA,38.51
289,431,BREW,18.3
290,432,AXR,7.5256
291,434,AVD,19.34
292,436,ATRI,543.5
293,440,AOSL,14.58
294,441,AOI,13.0
295,442,AMWD,120.2
296,444,ALLY,27.21
297,447,ACGL,86.01
298,449,ABR,8.02
299,450,ABCB,51.6
300,451,SAMG,14.15
301,453,RAIL,14.1
302,455,MITT,16.77
303,456,LCM,7.95
304,457,HASI,20.5
305,458,GOL,10.06
306,459,GIL,31.31
307,460,EAD,8.12
308,462,ATR,81.38
309,465,ASR,174.89
310,467,ARTNA,33.75
311,469,AOD,9.07
312,472,ACNB,27.7
313,474,AAT,32.04
314,475,ZNH,55.0
315,478,NFJ,12.64
316,479,LNT,37.14
317,480,KALU,102.27
318,481,HOMB,23.13
319,483,FAF,55.04
320,487,BGR,13.61
321,490,ATV,19.36
322,495,APLE,17.69
323,497,ANIP,58.03
324,498,AMSWA,11.38
325,499,AMSF,57.3
326,502,AGYS,11.46
327,504,AFG,108.44
328,513,ECF,8.9549
329,516,CII,15.45
330,518,CCD,18.893
331,523,AVNW,14.8
332,525,APPF,39.05
333,531,ALLE,77.32
334,532,AJRD,24.74
335,533,AHH,12.9
336,534,AGM,74.71
337,535,AGII,58.325
338,541,TEO,33.5
339,544,OMAB,39.19
340,547,MTT,21.22
341,550,ISL,20.11
342,552,GRR,12.6
343,555,DIT,89.5
344,556,CRMT,44.2
345,557,CRESY,18.74
346,559,CAF,24.11
347,560,ATRA,36.7
348,564,ARII,35.81
349,571,ANAT,116.71
350,573,AKAO,10.64
351,579,ACRS,19.57
352,580,ACC,34.8
353,581,ABEOW,10.5
354,582,ABDC,7.45
355,583,REX,73.74
356,584,PAC,97.23
357,587,IGD,7.32
358,588,HMNY,8.34
359,589,GABC,33.36
360,590,ERH,11.83
361,593,BTI,62.11
362,595,AWF,12.0
363,596,AVX,16.9
364,597,ASUR,13.61
365,598,ASMB,43.56
366,599,ASFI,10.9
367,602,ARES,21.8
368,605,ANCB,24.9
369,606,AMRC,8.05
370,610,ACY,14.45
371,613,AAC,7.97
372,616,TEAM,48.86
373,618,NEN,71.15
374,619,NEA,13.04
375,621,JEQ,8.93
376,622,IGA,11.06
377,623,IDE,15.29
378,624,GBAB,21.39
379,626,EVTC,15.1
380,628,CHY,11.32
381,630,BTZ,12.67
382,636,ARKR,25.51
383,638,APLP,12.74
384,639,APF,17.94
385,640,APB,14.03
386,641,AMRB,14.96
387,644,ALOT,12.95
388,648,AGRO,9.49
389,650,ADX,14.61
390,653,ADAP,8.36
391,654,ACU,24.84
392,664,PEO,18.46
393,667,NBB,20.96
394,670,MHF,7.13
395,672,HYB,8.83
396,673,GAM,32.97
397,676,DLA,19.17
398,677,CBA,8.45
399,678,BRKS,23.3
400,679,AVK,15.12
401,681,AUBN,37.6
402,682,ASYS,8.61
403,683,ASA,10.58
404,684,AMPH,17.85
405,689,AGR,46.14
406,690,AGD,10.64
407,700,RYAM,17.94
408,702,PAHC,35.35
409,703,NAC,13.53
410,704,MZA,16.15
411,706,HYI,14.68
412,708,FWRD,54.67
413,709,FEN,24.24
414,710,FEI,14.31
415,714,AXGN,24.4
416,716,AVAL,8.64
417,725,APAM,34.2
418,729,AGFS,7.25
419,733,ACV,20.923
420,735,ACBI,16.85
421,736,ABTX,38.2
422,738,UNAM,8.4
423,741,SGF,12.49
424,744,OMAM,15.69
425,745,NSA,23.17
426,746,NKG,12.11
427,747,NAD,13.32
428,749,MPAA,24.51
429,750,LDP,25.42
430,751,JRI,16.43
431,752,JAX,9.55
432,753,IF,7.66
433,754,GGM,22.74
434,758,DMO,24.99
435,759,DEX,11.8535
436,762,AXTI,7.6
437,763,AVXS,106.19
438,766,ATLO,26.7
439,767,ASTE,58.64
440,768,ASND,51.04
441,769,ARL,12.51
442,772,AKP,13.03
443,776,AFB,12.75
444,781,WIW,11.32
445,783,SBI,9.1
446,785,PSF,26.2
447,786,NAZ,13.79
448,787,MNP,14.34
449,788,MMU,13.28
450,789,JTA,13.24
451,790,IPCC,94.65
452,792,IAE,10.42
453,793,GCP,31.5
454,794,FTAI,16.75
455,797,FCO,8.83
456,798,EMD,15.03
457,801,CHI,10.445
458,802,CEE,25.89
459,803,BUI,20.26
460,811,AJX,12.86
461,814,AFH,18.55
462,816,ACP,14.08
463,820,PHX,18.05
464,822,KYE,9.85
465,824,JCE,14.17
466,828,IGI,20.3
467,834,ELEC,10.32
468,835,EGIF,15.4301
469,840,BTA,11.41
470,841,BRSS,28.7
471,855,AIMT,36.58
472,856,AIF,15.64
473,862,AAAP,81.5
474,863,WIA,11.63
475,864,WEA,13.21
476,865,VKI,10.92
477,868,SCD,13.31
478,873,PZE,12.3
479,874,PAI,14.5
480,878,NKX,14.34
481,881,MAV,10.83
482,882,LDF,12.02
483,884,JPI,23.63
484,889,GGZ,12.07
485,891,GCH,12.74
486,894,FBGX,220.11
487,895,EXD,9.76
488,896,EHI,9.72
489,899,DFP,24.62
490,900,DDF,10.41
491,905,BHAC,10.53
492,918,AIRT,28.85
493,921,AC,34.4
494,925,TPZ,19.41
495,933,NZF,14.25
496,935,NVG,14.51
497,936,NUW,16.25
498,937,NIE,20.44
499,940,LAQ,27.235
500,941,KED,16.8
501,943,GLV,13.23
502,944,FIEE,163.0
503,945,ELECU,10.65
504,956,AINC,92.0
505,975,MLPB,26.402
506,978,JDD,11.83
507,981,HNNA,17.15
508,988,GFY,17.0182
509,991,FMAO,38.09
510,998,BHACU,12.59
511,1012,ANDA,10.26
512,1016,AMEH,19.2
513,1042,NBD,22.0937
514,1045,LGI,17.6944
515,1046,JMLP,8.53
516,1057,GDO,17.05
517,1090,AMUB,18.16
518,1128,MLPZ,43.8083
519,1129,MLPQ,35.8664
520,1132,KMF,13.56
521,1156,BST,27.14
522,1259,NRK,12.44
523,1261,NAN,13.27
524,1344,ASPU,7.79
525,1402,AFT,16.16
526,1434,BA,329.66
527,1435,IBM,147.59
528,1436,BP,39.55
529,1437,BAX,62.56
530,1439,BIDU,212.07
531,1441,BBY,68.79
532,1442,BX,33.05
533,1443,BSX,25.2
534,1444,BIIB,311.79
535,1445,BMY,62.69
536,1446,BBBY,21.82
537,1447,USB,52.65
538,1449,BLK,509.38
539,1450,YUM,76.3
540,1451,BTU,37.61
541,1452,MNST,61.99
542,1453,BK,53.29
543,1454,FITB,31.1
544,1455,ZBH,115.53
545,1456,PBR,12.21
546,1457,BHP,44.76
547,1460,BEN,38.0
548,1462,LB,47.77
549,1464,BMO,75.63
550,1465,BBT,51.07
551,1466,BPT,19.7
552,1469,HRB,25.19
553,1472,STI,65.8
554,1474,TAP,74.51
555,1475,CNBKA,75.8
556,1476,CBRL,165.41
557,1477,BITA,27.67
558,1478,BCS,10.69
559,1479,TD,56.33
560,1480,MTB,178.35
561,1481,BXP,112.09
562,1483,BMRN,82.16
563,1484,RY,78.62
564,1486,HBAN,15.1
565,1487,BCE,44.41
566,1488,SWK,152.86
567,1490,DSU,11.53
568,1492,B,59.28
569,1493,BGCP,13.29
570,1494,BWA,51.94
571,1495,BLL,38.44
572,1496,TOL,43.75
573,1497,SAM,179.75
574,1500,BOX,19.86
575,1501,BC,56.72
576,1502,PBI,12.2
577,1504,CBB,15.3
578,1505,BKE,21.0
579,1506,BGS,31.8
580,1507,BCEI,25.23
581,1510,CM,90.16
582,1512,BBL,40.51
583,1514,TUP,49.43
584,1517,BG,79.96
585,1519,DNKN,59.16
586,1520,BRS,14.24
587,1521,BPOP,38.86
588,1523,BGC,29.5
589,1524,RBS,7.9
590,1525,PBYI,59.7
591,1526,NCS,16.4
592,1528,BBD,11.16
593,1530,EBS,45.02
594,1531,BPL,50.26
595,1533,BLUE,190.8
596,1534,BDL,22.995
597,1535,STL,22.65
598,1538,FIBK,38.97
599,1539,EWBC,62.52
600,1540,EAT,33.43
601,1541,CFR,100.76
602,1542,BNS,60.46
603,1543,BMS,43.99
604,1545,BCPC,70.84
605,1546,BAS,17.31
606,1547,WBK,23.19
607,1549,SBGI,34.65
608,1551,BRKR,31.62
609,1552,BOKF,90.63
610,1553,BKD,9.67
611,1554,BIO,233.97
612,1555,WRB,67.76
613,1556,VLY,11.94
614,1557,VIVO,14.45
615,1559,ONB,16.675
616,1561,COKE,182.58
617,1562,CBI,18.07
618,1565,BJRI,36.4
619,1567,BCOR,22.35
620,1568,UBSH,35.7
621,1569,TCBI,87.65
622,1571,SGMO,20.0
623,1572,RRGB,52.2
624,1574,LCUT,16.1
625,1576,IBN,10.02
626,1577,FFBC,27.1
627,1578,DNB,111.39
628,1579,BZUN,32.43
629,1580,BIP,40.4
630,1581,BHE,29.25
631,1583,SONA,15.7
632,1585,SASR,36.68
633,1586,NXST,71.35
634,1587,EVBN,41.0
635,1589,BYD,36.24
636,1591,BR,90.74
637,1592,BMI,47.15
638,1593,BIG,56.82
639,1594,BDC,66.88
640,1595,BCO,73.1
641,1597,BAK,27.75
642,1598,ZION,50.71
643,1599,VRA,9.56
644,1600,SFBS,39.34
645,1601,SBNY,146.36
646,1603,PBH,35.35
647,1604,JBSS,59.16
648,1605,JACK,80.69
649,1607,BZH,15.5
650,1609,BSBR,10.49
651,1610,BRC,35.9
652,1614,TECH,131.96
653,1615,SPB,111.0
654,1616,NRIM,33.25
655,1620,IBKR,61.74
656,1622,BPI,7.2
657,1624,TLRD,21.91
658,1625,OLBK,31.0
659,1626,NYCB,13.25
660,1627,NBIX,78.57
661,1628,NBHC,32.09
662,1629,FMBI,24.03
663,1630,FIVE,62.52
664,1632,CNOB,28.15
665,1633,CALA,7.05
666,1635,BXS,31.0
667,1637,BOH,80.13
668,1638,BKU,38.72
669,1639,BKH,50.72
670,1640,BH,388.72
671,1641,BFAM,91.78
672,1642,BDN,15.8
673,1643,SBLK,10.41
674,1644,SBCF,24.24
675,1645,ROLL,116.25
676,1646,PSB,108.3
677,1647,PBIP,16.85
678,1648,PB,71.32
679,1650,HTBI,25.55
680,1651,GBDC,17.88
681,1652,FRBK,8.175
682,1653,FIZZ,96.97
683,1654,FFKT,36.8
684,1655,FCNCA,412.18
685,1658,BWXT,59.82
686,1659,BMTC,43.1
687,1661,BLKB,94.21
688,1662,BBSI,63.27
689,1663,BABY,29.35
690,1664,WF,43.73
691,1665,OZRK,47.55
692,1667,JBT,109.15
693,1669,HDB,97.53
694,1671,FBHS,62.44
695,1672,EGBN,60.025
696,1675,CBSH,55.95
697,1677,BWP,11.63
698,1678,BUSE,29.38
699,1679,BURL,113.05
700,1680,BRO,50.11
701,1681,BRKL,15.8
702,1683,BOJA,11.75
703,1684,BKJ,17.655
704,1685,BHB,26.1
705,1686,BGG,21.44
706,1687,BEAT,31.05
707,1688,BCC,40.45
708,1689,BANC,19.35
709,1692,WASH,52.1
710,1693,WABC,55.72
711,1694,UCBI,29.82
712,1695,PPBI,38.15
713,1697,NBTB,35.0
714,1699,INBK,36.1
715,1700,IBP,61.6
716,1702,CSFL,26.07
717,1703,CSBK,15.37
718,1704,CIB,43.13
719,1705,CBU,51.22
720,1707,CATY,41.39
721,1708,BWINB,22.95
722,1712,BOFI,34.35
723,1715,BLMN,20.74
724,1718,WIFI,22.64
725,1720,SJT,8.95
726,1721,SBS,10.14
727,1722,PFBI,17.62
728,1723,PEBK,27.49
729,1724,NX,19.0
730,1725,LOB,25.575
731,1726,KIN,8.0
732,1727,IBCP,22.7
733,1728,GWB,39.75
734,1730,FARM,29.6
735,1731,EBSB,19.625
736,1732,CUDA,27.54
737,1733,CCBG,23.56
738,1736,CBD,20.98
739,1737,BXMT,29.8
740,1739,BSL,17.8
741,1740,BRG,7.24
742,1742,BLMT,28.65
743,1747,BFS,50.55
744,1748,BFR,21.42
745,1750,BERY,53.47
746,1751,BELFB,18.65
747,1752,BBN,21.7
748,1753,UBNK,15.705
749,1754,TRST,8.425
750,1755,TOWN,28.5
751,1756,TBNK,30.16
752,1760,SBH,16.61
753,1762,NWBI,16.33
754,1763,NML,9.07
755,1764,NKSH,39.25
756,1765,NFBK,15.36
757,1766,MNRO,53.25
758,1767,LBAI,19.275
759,1768,GRBK,10.65
760,1769,GBT,59.0
761,1770,FBNK,24.8
762,1771,ETV,14.74
763,1772,CZWI,13.77
764,1773,CBPO,78.68
765,1774,BSTC,40.5
766,1775,BSRR,26.12
767,1778,BRX,14.32
768,1779,BPFH,14.45
769,1783,BLX,27.69
770,1784,BLDR,19.73
771,1786,BIF,10.67
772,1787,BHLB,36.6
773,1788,BDGE,32.25
774,1790,BCOM,17.24
775,1791,BANF,53.05
776,1793,UBOH,22.0
777,1796,SVA,8.18
778,1797,SALT,7.1
779,1798,RBC,73.95
780,1799,QSR,56.43
781,1800,PFBC,61.21
782,1801,PBT,9.16
783,1803,IBOC,38.35
784,1804,HYT,10.61
785,1805,HFBC,14.51
786,1806,GSBC,48.2
787,1807,GLDI,9.04
788,1810,CBAN,13.8
789,1812,BRT,11.32
790,1813,BRID,17.77
791,1814,BRFS,9.29
792,1816,BLBD,23.0
793,1817,BKSC,18.9
794,1821,BBW,8.3
795,1822,BBDO,10.64
796,1824,STBA,38.51
797,1825,SFST,43.0
798,1826,SBSI,33.87
799,1829,PLAY,44.45
800,1830,OSBC,13.25
801,1831,MHE,13.65
802,1832,LBRDA,86.5
803,1834,KFFB,8.85
804,1836,ISBC,13.05
805,1837,GFED,22.3
806,1838,FNLC,26.6
807,1840,FCCY,19.05
808,1841,FBC,34.82
809,1842,CHRS,9.4
810,1843,BWINA,22.51
811,1846,BSET,31.9
812,1847,BOOT,18.78
813,1848,BOOM,21.25
814,1849,BNFT,23.8
815,1851,BHBK,19.5
816,1852,BGT,13.6
817,1856,BANR,52.36
818,1857,WAYN,18.7
819,1858,UCBA,20.0
820,1859,UBA,17.5
821,1860,TCBK,36.35
822,1861,SMBC,36.2
823,1862,SHBI,17.0
824,1865,OFG,10.75
825,1867,MUH,14.04
826,1869,MFT,13.44
827,1870,MBWM,33.39
828,1873,INF,12.15
829,1874,INDB,68.6
830,1875,ICBK,27.1
831,1878,GBCI,37.29
832,1880,FSBW,54.54
833,1881,FRC,88.77
834,1882,FRBA,13.85
835,1883,FBIZ,24.0
836,1884,EPAY,35.47
837,1886,CUBA,7.11
838,1891,BXC,15.42
839,1894,BT,16.3
840,1897,BSF,10.24
841,1898,BOTJ,14.9
842,1899,BOE,11.82
843,1900,BNY,13.52
844,1901,BLW,15.36
845,1903,BID,46.49
846,1904,BCX,9.18
847,1907,TSBK,27.13
848,1910,TBBK,10.25
849,1912,RCKY,16.35
850,1914,PNBK,18.39
851,1915,PKBK,19.5
852,1918,NHS,11.24
853,1920,MYD,13.85
854,1921,MUC,13.47
855,1922,MCBC,9.75
856,1923,LSBK,16.45
857,1928,GCBC,35.5
858,1929,GBNK,27.425
859,1931,ETW,11.42
860,1932,EIP,12.32
861,1934,DCOM,18.15
862,1935,CWBC,11.55
863,1936,CVLY,25.56
864,1937,BYBK,12.6
865,1940,BUFF,32.27
866,1944,BNJ,14.36
867,1946,BMA,95.46
868,1947,BKK,15.26
869,1948,BCRH,11.4
870,1949,BCBP,14.55
871,1952,BANX,20.75
872,1955,UNTY,20.35
873,1956,UBSI,33.65
874,1958,UBCP,12.5
875,1959,TBK,38.05
876,1961,SSBI,13.025
877,1963,SBBX,28.1
878,1964,SAL,47.5
879,1965,RBCAA,36.78
880,1969,NCBS,53.61
881,1970,MYJ,14.84
882,1972,MRLN,26.31
883,1973,MQT,12.26
884,1975,INB,9.33
885,1977,HFBL,29.45
886,1979,HAWK,44.85
887,1980,FFIN,44.5
888,1981,ESXB,8.25
889,1983,COLB,40.81
890,1985,BTT,21.62
891,1988,BOCH,10.9
892,1989,BMRC,65.5
893,1990,BME,33.46
894,1993,BCV,20.62
895,1996,VIV,15.92
896,2000,SVBI,7.8
897,2002,PWOD,39.61
898,2003,PMBC,8.4
899,2005,PACW,50.31
900,2007,NGVC,7.23
901,2008,NEWT,16.86
902,2009,NBW,13.19
903,2010,NBN,21.7
904,2011,MHN,13.03
905,2012,MHD,15.76
906,2013,MBUU,30.0
907,2014,MAB,12.7695
908,2015,LARK,28.51
909,2016,GLBZ,12.08
910,2019,FBMS,30.95
911,2021,ESSA,15.4
912,2022,ESBK,20.5
913,2027,CWAY,21.9
914,2028,CUBI,29.14
915,2029,CBMG,17.8
916,2030,BYM,13.46
917,2031,BXMX,13.36
918,2032,BWG,12.78
919,2034,BTO,37.41
920,2035,BPMC,73.68
921,2037,BLD,68.68
922,2040,BHK,13.21
923,2041,BFO,14.32
924,2043,BDJ,8.77
925,2047,VBF,18.71
926,2050,STBZ,28.5
927,2051,RVSB,8.76
928,2052,PEBO,33.87
929,2054,MYN,12.35
930,2055,MUI,13.48
931,2056,MSL,12.65
932,2057,MLVF,21.55
933,2058,MIW,12.8831
934,2059,MFL,13.91
935,2060,MCI,14.95
936,2064,HWBK,20.4
937,2065,HBMD,18.75
938,2067,HBCP,39.74
939,2068,GNBC,22.125
940,2069,FMNB,12.8
941,2070,FGBI,25.42
942,2071,FCBC,26.02
943,2072,FBSS,21.37
944,2073,EIGR,8.5
945,2074,EBTC,31.51
946,2075,DMB,12.42
947,2076,CBPX,26.0
948,2077,BZM,13.37
949,2079,BPY,20.28
950,2083,BKN,13.86
951,2086,BFZ,13.32
952,2087,BFIN,15.43
953,2089,BECN,55.09
954,2090,BBGI,12.35
955,2093,WTBA,23.95
956,2098,TBPH,27.35
957,2099,SYBT,35.45
958,2100,SLVO,7.63
959,2104,OLLI,53.65
960,2107,MVT,14.92
961,2108,MVF,9.45
962,2109,MUA,13.95
963,2116,EGF,13.0
964,2118,CVCY,19.45
965,2119,CIVB,20.72
966,2121,BSE,12.95
967,2122,BQH,13.77
968,2124,BPFHW,10.34
969,2125,BNCL,15.0
970,2128,BLH,14.74
971,2129,BGSF,16.25
972,2130,BGNE,122.94
973,2131,BEP,32.02
974,2132,BELFA,17.17
975,2133,BEL,12.05
976,2134,BAF,14.093
977,2136,WIL,70.2291
978,2138,WEBK,29.1
979,2139,TPVG,11.75
980,2145,PBSK,19.1
981,2147,OVLY,21.4
982,2148,NBO,11.79
983,2149,MYI,12.82
984,2150,MUJ,13.6
985,2151,MNE,13.23
986,2152,MIY,13.27
987,2153,MCA,13.93
988,2154,LBRDK,86.98
989,2157,HBNC,29.14
990,2158,GSBD,20.71
991,2161,FITBI,27.53
992,2162,FBNC,34.34
993,2163,EVM,10.7299
994,2164,EMJ,12.0
995,2166,EIM,11.93
996,2167,DUC,8.68
997,2169,CO,10.26
998,2171,CBIO,27.28
999,2172,CART,9.12
1000,2177,BJZ,14.72
1001,2178,BFK,13.39
1002,2182,TCBIW,71.0
1003,2184,SFBC,34.48
1004,2187,PLBC,23.25
1005,2188,PBIB,14.15
1006,2192,MYC,14.12
1007,2193,MUE,12.93
1008,2194,MPV,14.13
1009,2196,MELR,19.2
1010,2204,ETB,15.86
1011,2205,ENX,11.54
1012,2206,EIV,11.7
1013,2209,BSD,13.11
1014,2212,BLE,13.69
1015,2213,BIT,17.53
1016,2214,BGX,15.97
1017,2216,BFY,14.04
1018,2220,BBF,13.4384
1019,2226,TRCB,17.01
1020,2233,PUB,30.1
1021,2237,OPB,26.7
1022,2238,NYH,10.96
1023,2243,MQY,14.36
1024,2244,MGYR,12.35
1025,2253,FFBCW,15.97
1026,2257,CATYW,23.31
1027,2262,BHV,16.1
1028,2263,BGH,18.64
1029,2266,BBK,14.45
1030,2267,ZIONZ,15.72
1031,2268,ZIONW,18.25
1032,2273,RILY,18.45
1033,2275,PVBC,23.25
1034,2277,PBBI,10.35
1035,2281,NBH,14.09
1036,2282,MYF,14.05
1037,2284,MPA,13.8
1038,2288,FRA,14.18
1039,2290,EQBK,35.58
1040,2291,EIO,12.1585
1041,2292,EIA,10.96
1042,2293,EBMT,20.0
1043,2294,CTBI,44.4
1044,2301,BPK,14.89
1045,2308,BGB,15.7
1046,2311,BDCZ,20.345
1047,2317,UCIB,15.45
1048,2336,LBDC,14.3101
1049,2347,DSM,7.7
1050,2357,BWFG,31.89
1051,2368,BLJ,13.92
1052,2389,SLCT,13.24
1053,2430,FNWB,16.33
1054,2523,OTTW,13.82
1055,2576,EVGBC,99.98
1056,2596,F,10.43
1057,2597,GE,14.45
1058,2598,XON,12.6
1059,2599,MSFT,85.01
1060,2600,XOM,75.3
1061,2601,INTC,42.75
1062,2602,VZ,49.04
1063,2603,C,71.87
1064,2604,DIS,101.35
1065,2605,KO,43.1
1066,2606,JPM,107.88
1067,2607,CSCO,38.77
1068,2608,PG,80.22
1069,2609,WFC,55.4
1070,2610,GM,40.75
1071,2611,MCD,158.97
1072,2612,CMCSA,38.19
1073,2614,CAT,145.99
1074,2615,TGT,71.11
1075,2616,CVX,112.3
1076,2617,SBUX,53.77
1077,2619,MRK,54.73
1078,2620,CMG,266.01
1079,2621,UTX,127.48
1080,2622,ORCL,46.84
1081,2623,MMM,222.89
1082,2624,COP,52.955
1083,2626,DE,153.66
1084,2627,UNP,124.86
1085,2628,CRM,104.03
1086,2629,COST,178.61
1087,2630,LOW,95.01
1088,2631,CVS,70.55
1089,2632,LMT,334.3
1090,2633,SO,43.4
1091,2634,HAL,47.41
1092,2636,EMR,66.4
1093,2637,ED,74.73
1094,2638,CATM,23.4
1095,2639,X,33.95
1096,2642,NVDA,217.52
1097,2643,FDX,239.27
1098,2644,CL,68.95
1099,2645,SNE,46.96
1100,2646,TM,134.43
1101,2647,STT,98.54
1102,2648,MOS,24.13
1103,2649,TRV,135.01
1104,2650,KMB,111.69
1105,2651,FTR,7.15
1106,2652,CELG,91.02
1107,2654,GD,206.05
1108,2656,MON,119.08
1109,2657,EXC,35.98
1110,2658,DUK,74.32
1111,2659,UAL,63.37
1112,2661,KSS,60.34
1113,2662,MRO,15.68
1114,2663,HPE,15.04
1115,2664,ETFC,48.48
1116,2665,RTN,198.74
1117,2666,VLO,86.77
1118,2667,SYMC,25.59
1119,2668,DVN,34.94
1120,2669,DISH,43.77
1121,2670,CERN,61.22
1122,2671,STX,47.44
1123,2672,ESRX,73.35
1124,2673,OXY,68.47
1125,2674,CSX,50.47
1126,2675,MPC,62.79
1127,2676,CTSH,75.16
1128,2677,KR,27.57
1129,2678,LVS,70.99
1130,2679,LRCX,162.23
1131,2680,CBS,51.8
1132,2681,WY,33.6
1133,2682,WHR,164.95
1134,2683,CA,32.66
1135,2685,FAST,52.15
1136,2687,O,47.56
1137,2688,IP,56.05
1138,2689,PPL,29.52
1139,2690,MCO,152.14
1140,2691,GME,15.83
1141,2692,CTL,16.2
1142,2693,HMC,34.4
1143,2694,EL,131.46
1144,2695,DDD,9.82
1145,2696,COF,91.4
1146,2698,GLW,28.45
1147,2699,CF,37.46
1148,2700,NEM,36.61
1149,2701,WDC,80.09
1150,2702,GT,30.75
1151,2703,KLAC,98.54
1152,2704,XRX,29.8
1153,2706,CB,140.39
1154,2707,CALM,41.1
1155,2708,SHW,387.65
1156,2709,RF,17.9
1157,2710,NOC,324.01
1158,2711,JCI,36.55
1159,2712,CTXS,84.53
1160,2713,CLX,127.76
1161,2714,WMB,28.56
1162,2716,CAH,66.63
1163,2717,NSC,136.89
1164,2719,SYY,57.0
1165,2720,CME,153.04
1166,2721,CIEN,22.34
1167,2722,CHKP,98.2
1168,2723,VFC,78.75
1169,2724,SCCO,45.47
1170,2725,K,65.98
1171,2726,HRL,32.21
1172,2727,CSIQ,15.15
1173,2728,CMCT,16.45
1174,2730,SYK,148.01
1175,2731,RRC,12.82
1176,2732,CPB,44.83
1177,2734,DG,95.1
1178,2737,CSII,23.0
1179,2738,SINA,101.16
1180,2740,FOXA,34.56
1181,2741,CMI,165.73
1182,2742,CCL,66.76
1183,2743,MKC,101.36
1184,2744,KHC,71.58
1185,2745,NYT,24.4
1186,2746,EW,123.78
1187,2747,CI,189.27
1188,2748,CAG,35.49
1189,2749,WB,111.76
1190,2750,VMC,121.47
1191,2751,NWSA,15.65
1192,2754,NUE,60.38
1193,2755,CHRW,90.47
1194,2756,RL,101.32
1195,2757,MCK,150.23
1196,2758,LEN,59.11
1197,2759,KKR,21.08
1198,2760,HAIN,34.35
1199,2761,DOV,96.2
1200,2762,CTRP,44.63
1201,2763,CNX,11.7
1202,2765,CINF,70.34
1203,2766,NCR,33.51
1204,2768,NFX,26.38
1205,2769,MNK,15.88
1206,2770,LCI,18.05
1207,2771,KMX,64.34
1208,2772,HES,43.0
1209,2773,TJX,74.36
1210,2774,SE,10.88
1211,2775,HUN,30.83
1212,2776,HSY,97.65
1213,2777,ETN,79.41
1214,2780,L,46.05
1215,2781,DHR,92.16
1216,2782,CIM,16.47
1217,2784,CROX,12.63
1218,2786,CHTR,348.65
1219,2788,WU,18.81
1220,2790,PXD,169.16
1221,2791,NAV,41.84
1222,2792,EMN,93.57
1223,2795,THC,17.6
1224,2797,PH,174.51
1225,2798,CREE,32.53
1226,2799,XOMA,26.28
1227,2800,TSM,40.36
1228,2801,TIF,99.62
1229,2802,TECD,92.16
1230,2804,SLM,10.7
1231,2805,RGR,50.2
1232,2807,GBX,46.1
1233,2808,WLL,22.59
1234,2809,TSCO,65.94
1235,2810,SPTN,22.49
1236,2813,LNC,73.86
1237,2814,CLR,49.01
1238,2817,SCHW,48.9
1239,2818,FE,30.64
1240,2819,ETR,72.02
1241,2820,CX,7.36
1242,2821,CLMT,7.25
1243,2824,XEC,100.19
1244,2825,SANM,25.9
1245,2827,MUR,26.69
1246,2828,MMC,79.31
1247,2829,FLR,55.31
1248,2830,CZR,12.8
1249,2832,SIX,64.0
1250,2833,PVH,142.68
1251,2834,PCG,38.24
1252,2835,MDP,53.65
1253,2836,H,76.61
1254,2837,GPC,96.31
1255,2838,FUN,65.5
1256,2839,DTE,98.49
1257,2840,DF,9.54
1258,2841,CY,15.25
1259,2842,CP,172.17
1260,2843,CONN,30.35
1261,2844,CNI,74.45
1262,2845,WEN,15.48
1263,2847,PRGO,84.44
1264,2848,MNR,15.03
1265,2849,GCI,10.91
1266,2850,COG,23.01
1267,2851,CMO,8.6
1268,2852,CCI,103.81
1269,2853,WPC,59.24
1270,2854,TRP,42.04
1271,2855,TDC,37.3
1272,2856,RDC,12.79
1273,2858,OC,83.86
1274,2859,MFC,19.86
1275,2860,INCY,83.92
1276,2861,CEO,141.8
1277,2863,SGY,30.71
1278,2864,RCL,122.45
1279,2865,ERF,10.07
1280,2866,COO,223.17
1281,2867,CNQ,29.76
1282,2868,TNH,85.53
1283,2870,SNP,77.59
1284,2871,OAK,43.0
1285,2872,MAS,40.7
1286,2873,LUK,23.86
1287,2874,LNG,53.15
1288,2875,LLL,198.79
1289,2877,IMAX,19.95
1290,2878,FMC,80.87
1291,2879,DCI,45.9
1292,2881,CTAS,149.32
1293,2882,CCJ,8.93
1294,2884,TRGP,45.3
1295,2885,PGR,51.07
1296,2886,NRZ,16.09
1297,2887,EQT,46.25
1298,2888,CC,44.77
1299,2890,WAT,191.79
1300,2892,TRI,39.56
1301,2894,SONC,24.05
1302,2895,SCG,35.6
1303,2898,MAIN,36.41
1304,2899,GNTX,21.94
1305,2900,CVRR,15.0
1306,2901,CRUS,40.27
1307,2903,UIS,8.35
1308,2904,TMK,80.52
1309,2906,SJM,118.37
1310,2907,PPC,25.14
1311,2910,EGN,49.29
1312,2911,CYOU,27.92
1313,2912,CSGS,44.86
1314,2913,COLM,73.3
1315,2914,CMS,41.77
1316,2915,CHU,13.38
1317,2918,XONE,8.42
1318,2919,WYN,113.56
1319,2922,MSM,88.7
1320,2926,CYBR,42.24
1321,2927,CXO,140.09
1322,2928,CR,89.45
1323,2929,CQP,29.6
1324,2931,CNP,25.85
1325,2932,CDE,7.63
1326,2933,CBG,41.92
1327,2934,CACI,142.45
1328,2936,ULTA,209.09
1329,2939,SF,59.49
1330,2940,NWE,50.33
1331,2942,NFG,49.56
1332,2943,MOD,22.95
1333,2944,IVR,15.33
1334,2945,HRS,149.84
1335,2947,FLS,40.82
1336,2948,CRC,17.91
1337,2949,CPLA,77.95
1338,2950,CPK,68.35
1339,2951,COL,132.98
1340,2952,CE,97.74
1341,2953,VVC,61.95
1342,2954,TEL,95.27
1343,2955,SNX,112.55
1344,2956,SJW,52.45
1345,2957,PDCO,32.88
1346,2958,MCY,42.31
1347,2960,JKS,17.26
1348,2961,JAZZ,138.51
1349,2962,HFC,44.36
1350,2964,CLVS,50.12
1351,2965,CHL,48.63
1352,2967,CBOE,111.15
1353,2968,USG,32.76
1354,2969,TWO,14.56
1355,2970,TRNO,32.1
1356,2971,TMST,14.53
1357,2972,SNV,47.23
1358,2973,OSK,83.05
1359,2974,OLN,30.97
1360,2975,OLED,139.8
1361,2977,MTW,34.39
1362,2978,MTRN,45.55
1363,2982,FHN,18.69
1364,2983,EV,52.53
1365,2984,ECA,10.52
1366,2986,DECK,90.68
1367,2988,CNC,100.36
1368,2989,CFX,32.95
1369,2990,CBM,51.1
1370,2991,CASY,112.58
1371,2992,TK,7.76
1372,2994,SSP,14.6
1373,2995,SM,20.85
1374,2996,NUAN,16.31
1375,2997,MTSC,46.2
1376,2998,MTG,13.86
1377,2999,MSCC,56.16
1378,3001,MAC,58.36
1379,3002,IO,23.05
1380,3004,EXAS,44.56
1381,3006,ERIE,111.18
1382,3009,CRK,7.24
1383,3010,CMC,22.62
1384,3012,CCE,37.6
1385,3013,CARA,12.2
1386,3014,VG,10.37
1387,3015,UTHR,126.26
1388,3016,TU,35.66
1389,3018,MSG,210.77
1390,3019,MKL,1058.0601
1391,3021,KSU,103.53
1392,3022,KRC,63.72
1393,3023,KIM,14.01
1394,3025,ITT,50.38
1395,3027,INFN,8.96
1396,3028,HNI,35.23
1397,3031,DDR,7.24
1398,3032,CUK,66.67
1399,3034,CNO,22.23
1400,3036,CEQP,26.35
1401,3037,ZBRA,113.54
1402,3040,SIMO,43.11
1403,3041,SBAC,159.85
1404,3042,OFC,25.74
1405,3043,NLNK,7.57
1406,3044,NEOG,54.64
1407,3046,NAVI,13.38
1408,3047,MIC,61.99
1409,3048,LKQ,38.86
1410,3050,LANC,119.32
1411,3052,GIB,54.7
1412,3054,DENN,14.34
1413,3055,CSV,25.765
1414,3056,CSL,110.17
1415,3057,CRR,7.4
1416,3058,CMA,89.18
1417,3060,CHS,9.64
1418,3061,CHD,47.38
1419,3062,CDW,69.05
1420,3063,TCAP,10.68
1421,3064,SCVL,22.8
1422,3066,RGS,15.45
1423,3069,PCI,21.9559
1424,3070,PCH,49.1
1425,3071,NWN,54.25
1426,3072,NTRS,96.2
1427,3074,MASI,82.06
1428,3077,JASO,7.59
1429,3079,IPG,21.34
1430,3081,GTY,22.69
1431,3083,ESL,69.95
1432,3084,ELY,15.12
1433,3085,DRE,24.52
1434,3086,DEL,88.07
1435,3088,CSGP,329.06
1436,3090,CPE,10.22
1437,3092,COR,96.37
1438,3093,CNK,37.08
1439,3095,CLGX,43.43
1440,3096,CG,23.0
1441,3098,CAKE,44.5
1442,3099,TG,16.2
1443,3101,SCOR,21.05
1444,3102,SCI,37.24
1445,3103,SCHL,36.69
1446,3104,SC,16.24
1447,3105,PTR,68.74
1448,3106,PRTA,27.95
1449,3107,PRGS,46.16
1450,3108,PNW,74.34
1451,3109,ORIT,16.05
1452,3110,OGE,29.6
1453,3111,NWS,15.85
1454,3112,MIK,24.74
1455,3114,LEA,184.03
1456,3115,IRBT,59.8
1457,3116,HTGC,12.56
1458,3117,HSC,16.15
1459,3119,FOX,34.09
1460,3120,DISCA,22.87
1461,3121,CUB,54.05
1462,3124,CMP,67.25
1463,3125,CAMP,23.05
1464,3126,XCRA,9.65
1465,3127,USM,32.89
1466,3128,UFS,42.57
1467,3130,SXT,68.92
1468,3131,SON,50.2
1469,3132,SBRA,16.43
1470,3133,RXN,26.71
1471,3136,PRSC,62.26
1472,3137,PAR,8.83
1473,3138,OTEX,34.31
1474,3139,NCLH,56.01
1475,3141,JOE,17.8
1476,3142,JBL,24.93
1477,3143,IPHI,25.09
1478,3144,HSKA,60.07
1479,3145,HFWA,28.8
1480,3146,HBHC,51.075
1481,3148,FUL,47.36
1482,3152,EE,49.5
1483,3153,DVAX,17.0
1484,3155,CVI,32.34
1485,3156,CVG,21.61
1486,3157,CTB,36.75
1487,3159,CRI,116.47
1488,3160,CRH,33.19
1489,3161,CRAY,21.85
1490,3163,CPA,125.24
1491,3164,COHU,20.62
1492,3165,CHH,76.4
1493,3167,CCF,102.85
1494,3168,CARB,21.4
1495,3170,CALD,35.8
1496,3172,VC,119.88
1497,3173,UVV,49.4
1498,3174,UTL,42.63
1499,3175,UNF,148.95
1500,3176,UMPQ,20.52
1501,3177,TPC,21.8
1502,3178,SKT,22.74
1503,3179,SEM,16.7
1504,3180,RPXC,13.01
1505,3181,PRMW,12.14
1506,3182,PJC,87.0
1507,3183,ORC,7.21
1508,3184,NHTC,15.73
1509,3185,NHC,60.03
1510,3186,NDSN,133.65
1511,3187,NCI,19.0
1512,3188,MX,9.85
1513,3193,GRA,65.51
1514,3194,GEOS,12.12
1515,3195,FSIC,7.3
1516,3196,FCN,40.39
1517,3198,ECPG,39.7
1518,3199,DLX,70.5
1519,3205,COT,15.31
1520,3206,CLI,18.53
1521,3207,CHSP,25.46
1522,3208,CHE,248.87
1523,3210,CEF,13.09
1524,3211,CCU,27.88
1525,3212,CCK,52.2
1526,3213,CCC,21.3
1527,3214,CBT,61.98
1528,3217,CAFD,12.33
1529,3218,CAC,41.91
1530,3219,VICR,17.0
1531,3220,UNT,20.56
1532,3222,TEX,41.49
1533,3224,SPNS,11.62
1534,3225,SMG,88.12
1535,3227,SEMG,26.15
1536,3228,SATS,58.01
1537,3230,RECN,15.15
1538,3231,RCI,44.89
1539,3232,POOL,125.81
1540,3233,NEU,388.93
1541,3234,MEOH,54.9
1542,3236,LOPE,87.2
1543,3237,LNN,89.61
1544,3239,IBKC,78.85
1545,3240,GPOR,8.55
1546,3241,FSTR,25.65
1547,3243,DMRC,28.85
1548,3247,CNS,38.93
1549,3250,CLDT,20.41
1550,3252,CIZN,21.85
1551,3255,CDK,66.47
1552,3258,CASH,107.65
1553,3259,WLK,102.09
1554,3262,VAC,136.05
1555,3263,UGI,42.53
1556,3265,TTC,59.78
1557,3268,SUI,83.96
1558,3269,SSD,56.39
1559,3270,SPA,22.25
1560,3272,RM,27.53
1561,3273,REG,55.58
1562,3275,ON,20.81
1563,3276,NVRO,73.72
1564,3278,MTH,45.0
1565,3279,MDCO,30.16
1566,3280,MANT,48.66
1567,3281,LPL,13.44
1568,3282,LMNX,18.77
1569,3286,HRZN,10.74
1570,3287,HMSY,15.17
1571,3289,GHM,20.76
1572,3290,GHL,18.4
1573,3291,GHC,577.7
1574,3293,FNSR,17.55
1575,3295,DISCK,21.58
1576,3297,CTRN,22.2
1577,3299,CRZO,17.71
1578,3300,CRTO,22.54
1579,3303,COWN,12.0
1580,3304,CORT,15.09
1581,3305,COMM,36.71
1582,3308,CHGG,16.12
1583,3309,CCNE,26.24
1584,3310,CAVM,82.73
1585,3311,CAI,23.7
1586,3312,WINA,126.8
1587,3313,VCRA,26.92
1588,3315,TRMK,30.425
1589,3317,SYNL,13.1
1590,3318,STOR,22.52
1591,3319,SQM,53.57
1592,3320,SMCI,18.6
1593,3321,SLG,90.61
1594,3323,SJR,20.37
1595,3324,SCL,69.52
1596,3325,RSO,8.72
1597,3326,ROIC,16.62
1598,3327,PTY,16.22
1599,3328,PRIM,23.69
1600,3329,PODD,72.9
1601,3330,ORI,19.91
1602,3331,NJR,36.25
1603,3332,NATI,46.12
1604,3333,MNI,8.72
1605,3336,LFC,14.89
1606,3338,KN,13.57
1607,3339,ISCA,42.85
1608,3340,INT,24.38
1609,3341,INAP,13.11
1610,3343,HMN,38.75
1611,3344,HCAP,11.52
1612,3345,GRC,26.89
1613,3353,CZZ,10.51
1614,3354,CYTK,8.35
1615,3356,CWT,37.0625
1616,3357,CWCO,12.5
1617,3358,CW,116.56
1618,3360,CVGW,83.85
1619,3361,CVA,15.25
1620,3362,CTRE,14.7
1621,3363,CSOD,37.44
1622,3366,CMCO,34.65
1623,3367,CLM,14.89
1624,3368,CLH,49.62
1625,3372,CEL,8.08
1626,3373,CDNS,36.82
1627,3375,CBZ,15.85
1628,3376,CAJ,36.41
1629,3377,CAE,17.31
1630,3380,WBS,52.54
1631,3381,WATT,18.24
1632,3384,TKR,43.95
1633,3385,TIS,12.55
1634,3388,RLI,59.79
1635,3389,RLGY,24.52
1636,3390,REN,30.68
1637,3391,PLCE,141.65
1638,3392,PCTY,45.93
1639,3394,PBA,31.24
1640,3395,PAH,9.84
1641,3396,ONEQ,265.99
1642,3401,LADR,14.39
1643,3403,IPGP,226.98
1644,3404,IEX,132.72
1645,3405,IDT,9.99
1646,3406,HOFT,36.85
1647,3407,HAFC,30.05
1648,3408,GNCMA,39.29
1649,3409,GFF,18.4
1650,3410,FOE,20.85
1651,3411,FIX,39.9
1652,3412,FICO,156.25
1653,3413,FCCO,21.65
1654,3415,EFSC,46.45
1655,3416,DAN,29.25
1656,3417,CYBE,13.15
1657,3418,CVLT,49.75
1658,3419,CVBF,21.97
1659,3421,CRT,14.66
1660,3422,CRS,46.47
1661,3423,CRL,98.19
1662,3424,COOL,19.53
1663,3425,CNSL,11.09
1664,3427,CLCT,17.17
1665,3428,CIVI,14.8
1666,3429,CIT,49.66
1667,3434,CECO,11.53
1668,3435,CCRN,12.81
1669,3436,CASS,54.85
1670,3437,CALL,8.35
1671,3439,WLKP,22.95
1672,3441,VRTV,23.0
1673,3442,UCTT,17.24
1674,3443,TRS,23.9
1675,3444,TMP,78.32
1676,3446,THFF,44.1
1677,3447,TFSL,14.41
1678,3448,STRL,12.17
1679,3449,STAA,14.95
1680,3450,SNHY,52.59
1681,3451,SKY,21.29
1682,3453,RLH,10.25
1683,3455,PKE,17.31
1684,3459,OMER,13.99
1685,3460,NWPX,17.38
1686,3462,MVC,10.52
1687,3463,MTDR,27.95
1688,3464,MATW,52.0
1689,3468,KAMN,59.26
1690,3470,IX,85.55
1691,3471,IRDM,11.65
1692,3473,IMMR,9.61
1693,3474,IHC,26.8
1694,3476,GLRE,18.25
1695,3477,GDOT,55.87
1696,3478,FSS,18.78
1697,3479,FNB,13.6
1698,3480,FELE,41.5
1699,3481,FDUS,13.88
1700,3483,ECOM,9.05
1701,3486,CVE,7.79
1702,3488,CPT,78.78
1703,3489,CPRT,40.75
1704,3490,CPF,28.23
1705,3491,CORI,12.01
1706,3492,CMTL,21.36
1707,3496,CFG,42.19
1708,3500,CCXI,9.24
1709,3501,CCOI,42.0
1710,3502,WNC,23.0
1711,3504,WDFC,116.2
1712,3505,VNCE,7.02
1713,3506,VCEL,7.15
1714,3507,USCR,73.55
1715,3508,UIHC,18.72
1716,3509,TY,26.11
1717,3513,STRT,35.55
1718,3514,STC,41.58
1719,3515,SP,35.4
1720,3518,SHEN,30.5
1721,3519,SGMS,41.3
1722,3520,RNST,40.63
1723,3521,RNP,18.16
1724,3522,RMCF,12.21
1725,3524,PRA,50.8
1726,3526,PHH,8.05
1727,3527,PFGC,30.75
1728,3528,OTTR,39.95
1729,3531,MTRX,14.45
1730,3533,MLP,11.9
1731,3534,MCS,24.1
1732,3535,LPX,26.73
1733,3537,LCNB,18.8
1734,3538,LAND,11.74
1735,3539,IVC,18.5
1736,3540,IMOS,16.36
1737,3541,ICLR,105.67
1738,3542,HXL,63.23
1739,3544,HMHC,7.15
1740,3545,HHC,119.17
1741,3546,HEI,74.62
1742,3547,GOOD,17.64
1743,3548,FULT,17.75
1744,3549,FRME,40.82
1745,3550,FNV,69.94
1746,3553,FCF,13.59
1747,3555,EQC,28.1
1748,3557,EHIC,12.0
1749,3558,DRH,10.83
1750,3559,CVGI,10.58
1751,3561,CSTE,21.45
1752,3563,CPN,15.07
1753,3564,CNMD,59.23
1754,3565,CLRO,8.55
1755,3567,CHMI,16.44
1756,3568,CHEF,19.2
1757,3569,CHDN,253.95
1758,3570,CHCO,65.03
1759,3571,CGNX,53.65
1760,3573,CBAY,12.0
1761,3574,CATO,11.04
1762,3575,WRK,60.93
1763,3576,WCN,65.6
1764,3577,VSEC,46.72
1765,3579,UMBF,72.28
1766,3581,TCO,54.97
1767,3582,TCCO,7.6
1768,3584,SXI,96.4
1769,3585,STRP,182.75
1770,3586,SRC,7.42
1771,3588,SPIL,8.41
1772,3589,SEB,4205.0
1773,3593,QDEL,41.58
1774,3595,POL,40.32
1775,3601,MC,52.0
1776,3604,KTCC,7.13
1777,3605,KT,13.33
1778,3606,KINS,19.4
1779,3607,KEX,72.9
1780,3610,HTHT,132.01
1781,3611,GLT,19.7
1782,3615,FF,12.23
1783,3616,FCFS,70.8
1784,3617,FBR,16.58
1785,3618,EPC,49.45
1786,3619,EDN,54.91
1787,3622,DQ,49.02
1788,3624,CWST,24.35
1789,3625,CVTI,26.16
1790,3626,CTWS,52.51
1791,3629,CSU,11.59
1792,3631,CRAI,42.33
1793,3635,CNCE,20.22
1794,3636,CLS,10.24
1795,3638,CIO,10.47
1796,3639,CIA,7.09
1797,3641,CGO,14.02
1798,3648,USAC,17.47
1799,3650,TREX,108.57
1800,3651,TRC,20.88
1801,3655,TCRD,8.58
1802,3656,TCPC,14.5
1803,3658,SWX,66.68
1804,3660,SRCE,48.95
1805,3661,SHI,56.07
1806,3662,SABR,18.42
1807,3666,PMD,19.94
1808,3667,PLXS,57.53
1809,3668,PLPC,63.92
1810,3669,PGC,34.25
1811,3671,OCFC,25.39
1812,3676,MBTF,9.75
1813,3679,LNDC,12.7
1814,3680,LKFN,45.76
1815,3681,LJPC,37.58
1816,3682,KYO,53.86
1817,3684,KEM,17.02
1818,3685,JCTCF,15.0
1819,3687,IART,49.15
1820,3688,GPX,22.8
1821,3690,FNHC,14.27
1822,3692,FC,26.35
1823,3694,EML,24.5
1824,3698,CUZ,8.33
1825,3700,CRY,16.85
1826,3703,COHR,205.89
1827,3708,CIX,13.75
1828,3709,CHA,46.35
1829,3710,CFFN,12.58
1830,3711,CDZI,14.0
1831,3714,CARO,38.16
1832,3716,YORW,29.4
1833,3718,VRTU,46.33
1834,3721,TOUR,7.35
1835,3723,SPXC,29.49
1836,3724,SOR,40.12
1837,3725,SMTC,32.1
1838,3726,SLRC,20.27
1839,3727,SAR,20.0
1840,3729,RGEN,30.92
1841,3731,PCYO,7.85
1842,3732,NVEC,74.15
1843,3733,NMFC,12.8
1844,3736,MIDD,131.26
1845,3737,MFNC,15.81
1846,3740,KMPR,56.35
1847,3741,IRMD,14.0
1848,3743,IGR,7.19
1849,3745,HYGS,8.2
1850,3746,HURC,40.85
1851,3748,GVA,59.36
1852,3749,GTS,24.11
1853,3751,GAIN,10.23
1854,3753,FDC,15.93
1855,3754,FCPT,21.77
1856,3763,CUBE,25.34
1857,3764,CTRL,25.2
1858,3765,CSS,22.83
1859,3768,CPSI,29.15
1860,3770,CPS,113.07
1861,3771,CORR,35.12
1862,3772,CNHI,13.36
1863,3773,CNA,48.45
1864,3775,CLLS,29.11
1865,3777,CIR,46.58
1866,3778,CHT,36.21
1867,3779,CHMG,43.55
1868,3780,CHFC,54.66
1869,3790,CAL,28.23
1870,3795,WSFS,47.7
1871,3797,WIRE,46.1
1872,3799,VVI,53.95
1873,3801,UCFC,9.24
1874,3803,TRCO,42.14
1875,3804,SSFN,10.45
1876,3805,SPSC,52.99
1877,3808,SGB,20.9201
1878,3809,SGA,38.6
1879,3812,POR,39.75
1880,3813,PFD,13.89
1881,3815,PBPB,11.7
1882,3817,NRCIB,53.11
1883,3818,NHF,23.66
1884,3819,NGHC,18.32
1885,3823,MSEX,36.21
1886,3824,MPX,14.14
1887,3826,MCRI,43.29
1888,3827,LORL,44.0
1889,3828,LION,22.905
1890,3830,LAYN,12.54
1891,3832,KEQU,28.95
1892,3834,HQCL,7.18
1893,3836,GLAD,9.01
1894,3837,GKOS,28.41
1895,3842,FONR,22.95
1896,3844,ETM,9.9
1897,3849,DNBF,31.75
1898,3850,DJCO,218.28
1899,3851,DBL,21.47
1900,3853,CVV,9.32
1901,3854,CVR,32.0
1902,3855,CUTR,44.95
1903,3856,CUO,18.6612
1904,3858,CSRA,30.85
1905,3859,CRCM,16.9
1906,3860,CPHC,14.05
1907,3862,CONE,52.54
1908,3863,COBZ,18.68
1909,3864,CNTY,8.5
1910,3866,CLW,35.45
1911,3867,CKH,42.64
1912,3868,CHUY,25.2
1913,3869,CHN,21.4
1914,3871,CEMI,7.75
1915,3873,CDXS,8.1
1916,3876,UTF,21.55
1917,3883,SIM,9.79
1918,3884,SFNC,28.15
1919,3885,SEIC,68.82
1920,3890,PRK,99.03
1921,3904,HVT,21.2
1922,3906,HTBK,15.33
1923,3909,GPK,14.52
1924,3910,GPIC,9.5
1925,3911,FSP,9.36
1926,3913,FOGO,12.25
1927,3914,FDEF,52.51
1928,3916,ESP,23.0497
1929,3917,EPM,7.95
1930,3918,ELP,7.06
1931,3921,CZNC,22.29
1932,3924,CTT,12.03
1933,3925,CTS,26.2
1934,3929,CSPI,15.91
1935,3931,CRVL,48.8
1936,3932,CPTA,7.46
1937,3933,COLL,21.0
1938,3935,CMCM,12.01
1939,3938,CHFN,18.1
1940,3939,CEVA,35.0
1941,3940,CENT,39.47
1942,3942,CCS,28.65
1943,3943,CCMP,93.57
1944,3948,VUZI,8.45
1945,3949,UVSP,26.85
1946,3952,TAST,12.45
1947,3953,SUNS,16.86
1948,3954,SSB,84.2
1949,3956,RYI,9.0
1950,3961,QBAK,11.6
1951,3966,PKOH,40.05
1952,3967,PFIS,41.3
1953,3968,PCYG,8.65
1954,3972,NRE,10.65
1955,3975,MCN,7.24
1956,3979,KRNY,12.85
1957,3981,ITRN,33.5
1958,3990,GFN,7.2
1959,3991,GARS,8.11
1960,3992,FFIC,26.47
1961,3993,EDUC,18.25
1962,3998,CZFC,23.85
1963,3999,CVCO,159.7
1964,4001,CTX,21.62
1965,4003,CSWC,16.37
1966,4004,CRVS,8.19
1967,4007,COTY,19.96
1968,4013,CLFD,12.2
1969,4016,CFFI,52.3
1970,4024,SIEB,8.69
1971,4025,SCX,8.1495
1972,4029,PRTY,14.95
1973,4030,PHI,28.7
1974,4031,PFLT,13.08
1975,4033,OXLC,10.4
1976,4034,OFS,11.27
1977,4035,NWFL,30.02
1978,4036,NVTR,9.05
1979,4037,NRCIA,34.45
1980,4039,NCB,15.9399
1981,4041,MCRN,17.7
1982,4044,KMG,56.99
1983,4046,JSD,16.6
1984,4048,JOF,11.44
1985,4049,JJSF,132.17
1986,4050,INTT,7.7
1987,4051,IIN,17.55
1988,4053,HZN,8.51
1989,4054,HCCI,19.95
1990,4055,HAE,68.87
1991,4059,FUNC,16.85
1992,4060,FSV,66.31
1993,4061,FOXF,38.05
1994,4062,FLIC,27.4
1995,4064,EXTN,26.7
1996,4068,DWCH,10.45
1997,4070,DOOR,67.0
1998,4071,DL,8.94
1999,4074,CTO,65.0
2000,4077,CSQ,11.4975
2001,4079,CRF,14.84
2002,4083,CODI,16.35
2003,4084,CMFN,8.2
2004,4087,CET,26.01
2005,4088,CENTA,37.95
2006,4089,CEM,15.62
2007,4092,CAA,53.01
2008,4093,WTFC,80.11
2009,4095,WLTW,152.36
2010,4096,VTA,11.58
2011,4098,TMHC,24.1
2012,4103,SENEA,28.85
2013,4104,ROG,145.61
2014,4105,RFI,11.83
2015,4110,PFO,11.19
2016,4112,NTIC,22.95
2017,4113,NNC,12.58
2018,4115,NCOM,43.0
2019,4117,MRCC,13.41
2020,4121,LMNR,19.64
2021,4122,LABL,68.55
2022,4125,JQC,8.07
2023,4127,ITIC,189.01
2024,4128,IRIX,7.32
2025,4138,GTLS,44.64
2026,4139,GLQ,13.06
2027,4143,HD,181.22
2028,4145,DLTR,101.58
2029,4146,D,73.31
2030,4147,DPS,116.93
2031,4148,DRI,91.33
2032,4149,XRAY,56.85
2033,4152,DHI,44.55
2034,4153,DGX,96.42
2035,4154,DFS,72.4
2036,4156,DLR,98.96
2037,4158,DPZ,198.57
2038,4161,DDS,62.75
2039,4162,DHG,14.92
2040,4163,DEO,134.73
2041,4164,DSW,18.79
2042,4165,DO,14.92
2043,4166,DBD,15.85
2044,4168,DY,111.5
2045,4171,DKS,31.5
2046,4172,DXCM,54.52
2047,4174,DATA,76.15
2048,4175,FTF,11.4
2049,4176,DVA,71.91
2050,4180,DRQ,45.1
2051,4181,DNP,10.0
2052,4185,DST,83.05
2053,4187,DLB,59.98
2054,4188,ODFL,131.71
2055,4189,IDTI,26.96
2056,4191,DK,31.04
2057,4193,VDSI,13.4
2058,4194,DAKT,9.15
2059,4195,KTOS,11.1
2060,4197,FANG,111.33
2061,4198,DYN,11.19
2062,4199,DMLP,15.35
2063,4200,DCO,26.3
2064,4202,DOC,14.91
2065,4206,WD,47.81
2066,4207,STLD,42.78
2067,4209,DGII,10.2
2068,4210,DGICA,16.41
2069,4211,DAR,17.49
2070,4214,KST,12.25
2071,4215,FPF,22.93
2072,4216,DORM,71.74
2073,4217,DLNG,11.0
2074,4218,DIN,53.65
2075,4219,TGS,20.92
2076,4220,RDY,33.04
2077,4221,LPG,7.51
2078,4223,DM,28.95
2079,4224,DCT,52.69
2080,4225,DCM,24.23
2081,4227,DXPE,30.27
2082,4228,TACO,12.05
2083,4230,PLOW,37.05
2084,4231,PDI,29.9295
2085,4232,KRNT,13.35
2086,4233,FDP,44.71
2087,4234,DTF,13.47
2088,4237,DIOD,27.98
2089,4238,DFRG,17.35
2090,4243,DRNA,9.56
2091,4244,DERM,26.07
2092,4245,TWIN,26.69
2093,4247,TDS,24.45
2094,4250,LEO,7.87
2095,4251,GDV,22.08
2096,4252,ETG,16.51
2097,4254,DSPG,12.0
2098,4255,DSGX,25.2
2099,4257,HTD,21.262
2100,4260,DLTH,16.94
2101,4261,QQQX,22.36
2102,4265,DKL,29.75
2103,4266,EXG,8.9
2104,4268,DSL,19.91
2105,4269,DNOW,9.84
2106,4270,DEA,19.4
2107,4272,EVV,13.1494
2108,4274,DPLO,23.86
2109,4277,DHIL,198.99
2110,4280,TAYD,11.21
2111,4282,MFD,12.34
2112,4283,KTF,11.29
2113,4284,KMM,8.8
2114,4285,IHD,9.02
2115,4286,EDD,7.93
2116,4287,DVCR,8.0
2117,4289,DEI,34.93
2118,4292,VMM,13.05
2119,4293,VCF,14.42
2120,4296,PDT,14.8125
2121,4297,MZF,13.1
2122,4300,DPG,14.63
2123,4301,DMF,8.23
2124,4302,DISCB,31.75
2125,4306,DBVT,21.11
2126,4307,DAIO,10.33
2127,4310,VFL,12.78
2128,4313,JTD,16.5
2129,4316,GHY,14.01
2130,4318,EVT,21.9
2131,4323,NIQ,12.58
2132,4324,MMD,19.26
2133,4325,LOR,11.2359
2134,4326,HNW,15.52
2135,4327,ETY,11.43
2136,4328,ETO,23.9
2137,4336,CHW,8.795
2138,4339,TDI,24.34
2139,4340,TDF,21.75
2140,4342,NID,12.51
2141,4343,IID,7.05
2142,4345,EVG,13.73
2143,4355,ISDR,17.6
2144,4357,FDEU,18.34
2145,4364,DIAX,17.44
2146,4373,MSD,9.63
2147,4395,SPXX,17.3068
2148,4402,ISD,14.45
2149,4434,KSM,11.15
2150,4822,EBAY,41.02
2151,4823,EVA,27.3
2152,4825,ELLI,87.26
2153,4826,EPD,26.0
2154,4827,ETP,18.34
2155,4829,EXPE,123.03
2156,4830,NEE,145.29
2157,4832,EOG,101.04
2158,4833,EXPD,60.36
2159,4835,SU,32.78
2160,4836,ETE,16.6
2161,4837,NRG,24.0
2162,4838,ICE,67.0
2163,4839,WEC,59.5
2164,4840,EXEL,27.6
2165,4842,PEG,46.73
2166,4843,EQR,55.26
2167,4844,XEL,42.44
2168,4845,EIX,58.07
2169,4847,SRE,103.36
2170,4848,NBL,25.33
2171,4849,EQIX,409.98
2172,4850,EGHT,16.35
2173,4851,ESPR,67.15
2174,4855,NUS,66.66
2175,4856,PBF,29.0
2176,4857,EDU,82.77
2177,4858,SEP,41.05
2178,4859,GXP,29.28
2179,4863,WR,48.68
2180,4864,NS,25.3
2181,4866,EFX,114.0
2182,4867,ECL,127.76
2183,4868,UEIC,43.3
2184,4869,MGEE,54.825
2185,4870,IEP,55.13
2186,4872,ES,56.11
2187,4874,ENB,34.34
2188,4876,ECHO,28.65
2189,4877,WWE,33.84
2190,4878,WPX,13.03
2191,4879,RE,241.06
2192,4881,EXR,77.56
2193,4884,PNK,30.3
2194,4885,KEG,12.53
2195,4887,ENR,52.92
2196,4888,EC,16.26
2197,4890,EPAM,106.19
2198,4892,PE,22.09
2199,4893,ENV,49.5
2200,4894,ENLK,16.24
2201,4895,EGRX,56.07
2202,4896,EFC,14.81
2203,4898,STRA,90.71
2204,4899,JEC,62.82
2205,4901,ERII,7.31
2206,4903,E,33.2
2207,4904,SXC,9.43
2208,4906,ENSG,23.57
2209,4908,WRE,25.92
2210,4910,NPO,81.39
2211,4911,NGL,15.4
2212,4912,GEL,21.12
2213,4913,ENS,70.68
2214,4915,EME,75.23
2215,4916,EEP,13.43
2216,4918,EBIX,78.25
2217,4919,SEAS,15.08
2218,4921,LE,17.2
2219,4922,HE,31.73
2220,4923,EXP,101.32
2221,4925,EQM,69.83
2222,4927,ENLC,16.85
2223,4929,EMES,7.17
2224,4930,SPN,8.53
2225,4931,RGC,23.1
2226,4932,LOCO,9.3
2227,4933,EXTR,10.77
2228,4934,EGL,24.6
2229,4935,LYV,43.1
2230,4938,EXPO,71.65
2231,4939,ESS,218.28
2232,4940,ESGR,193.8
2233,4941,EPR,54.96
2234,4942,EFII,26.09
2235,4943,REGI,10.3
2236,4944,PEI,9.73
2237,4947,EIGI,7.35
2238,4948,ECOL,47.35
2239,4950,VLP,41.55
2240,4951,TEP,38.61
2241,4952,PTEN,18.71
2242,4953,PETS,42.49
2243,4955,EVR,90.95
2244,4957,ERJ,25.89
2245,4958,ENTA,74.66
2246,4959,EIG,40.4
2247,4964,SXCP,18.35
2248,4965,PEGI,18.41
2249,4966,MEI,37.9
2250,4967,LECO,86.44
2251,4969,FNGN,27.5
2252,4970,EZPW,13.2
2253,4972,EXLS,57.2
2254,4973,ESLT,141.29
2255,4974,ERA,9.36
2256,4978,EGOV,13.05
2257,4979,PERY,26.51
2258,4980,PDCE,46.32
2259,4981,NYNY,27.05
2260,4982,HEP,29.61
2261,4984,FET,13.9
2262,4988,EEI,10.85
2263,4989,WERN,36.25
2264,4990,TTP,17.76
2265,4992,EXAC,49.35
2266,4994,ESE,61.55
2267,4996,ERI,31.95
2268,4997,ENBL,14.95
2269,4999,EEQ,12.58
2270,5000,EEFT,79.48
2271,5002,SPKE,9.6
2272,5003,PLUS,69.7
2273,5005,NSIT,33.16
2274,5007,FEIM,9.665
2275,5009,ESTE,9.7
2276,5010,EROS,11.95
2277,5013,EHTH,15.75
2278,5014,EBF,19.6
2279,5015,EARN,10.45
2280,5017,XENT,35.15
2281,5020,VNOM,22.86
2282,5023,PAM,61.14
2283,5024,NRT,8.43
2284,5027,HEQ,16.43
2285,5028,EVHC,35.34
2286,5033,UE,20.51
2287,5034,TEGP,24.26
2288,5035,MGIC,8.25
2289,5040,ETSY,17.73
2290,5041,ESRT,17.79
2291,5043,EQGP,25.91
2292,5044,ENTG,29.65
2293,5045,EMCI,27.71
2294,5046,ELS,81.55
2295,5048,EDI,15.12
2296,5052,SYKE,28.4
2297,5054,RELL,7.79
2298,5055,PGZ,16.63
2299,5056,NEP,38.71
2300,5057,MUS,12.73
2301,5059,IESC,15.95
2302,5060,HEES,35.8
2303,5063,EVI,34.75
2304,5064,ENVA,20.1
2305,5068,VET,33.05
2306,5069,MXE,10.7702
2307,5073,FPL,11.7
2308,5078,ESND,8.3
2309,5081,EPZM,15.9
2310,5083,EMF,16.18
2311,5085,EDR,30.3
2312,5086,RUSHA,45.46
2313,5087,RIF,16.25
2314,5093,FIF,16.69
2315,5095,EVO,12.5449
2316,5097,EVH,13.8
2317,5098,ESCA,12.55
2318,5101,EGP,78.17
2319,5102,EFT,14.45
2320,5103,WGP,38.97
2321,5105,REI,14.86
2322,5106,JMF,11.38
2323,5108,FEO,16.2
2324,5110,ESIO,16.05
2325,5111,EOT,21.04
2326,5112,EOI,13.66
2327,5113,ENTL,23.99
2328,5116,EDIT,33.28
2329,5118,TEI,11.71
2330,5122,MSF,18.08
2331,5127,JRS,9.62
2332,5128,HTLD,20.75
2333,5132,ETX,19.18
2334,5133,EOS,15.02
2335,5135,EMI,12.3609
2336,5139,EDGE,13.19
2337,5142,TYG,29.43
2338,5150,NDP,12.08
2339,5151,MRRL,13.6857
2340,5152,MMV,12.5835
2341,5153,MIE,10.07
2342,5158,HIE,12.189
2343,5160,GRF,7.568
2344,5162,FFA,15.0
2345,5165,EURN,7.65
2346,5166,ESNT,43.39
2347,5172,EFR,14.2
2348,5174,EFF,16.25
2349,5175,EEA,9.63
2350,5176,CQH,28.34
2351,5180,RUSHB,42.57
2352,5185,KE,16.95
2353,5186,GPM,8.36
2354,5188,EVP,12.2479
2355,5189,EVN,11.7259
2356,5190,EVJ,11.3443
2357,5195,EMO,11.99
2358,5197,ECC,18.05
2359,5199,CTR,12.05
2360,5211,FLGE,219.358
2361,5212,FISK,18.15
2362,5213,EVY,12.41
2363,5214,ENFC,27.4
2364,5222,SRF,8.71
2365,5229,LIND,9.08
2366,5236,ESBA,17.75
2367,5237,EQFN,10.65
2368,5242,EDF,15.85
2369,5246,CEV,11.5029
2370,5253,SMHD,15.2289
2371,5301,OGCP,18.11
2372,5308,GDEN,30.5
2373,5314,EVLMC,99.94
2374,5364,NEV,13.68
2375,5370,LRET,19.4423
2376,5491,OILX,36.46
2377,5644,EACQ,10.15
2378,5710,FB,171.58
2379,5711,FCX,17.16
2380,5712,FSLR,60.69
2381,5715,PRU,103.38
2382,5716,FFIV,137.25
2383,5718,FISV,133.05
2384,5719,FL,45.88
2385,5720,FLEX,16.69
2386,5721,FEYE,14.12
2387,5722,FIS,92.74
2388,5723,PNC,149.38
2389,5724,TSN,73.92
2390,5725,PFG,60.38
2391,5727,FTNT,44.5
2392,5728,TMO,198.73
2393,5730,FTI,29.1
2394,5733,FLIR,46.46
2395,5734,FLWS,10.7
2396,5735,WDR,20.4
2397,5736,PBCT,18.56
2398,5738,FOSL,8.15
2399,5740,UFCS,40.72
2400,5741,SYF,34.98
2401,5742,SIVB,227.08
2402,5743,SFM,26.05
2403,5744,UFPI,34.47
2404,5745,UNFI,44.08
2405,5746,FLO,19.96
2406,5747,IFF,138.0
2407,5748,GGAL,60.29
2408,5751,FARO,49.8
2409,5753,SLF,40.62
2410,5754,PHK,7.4293
2411,5756,FRT,108.11
2412,5757,FII,32.06
2413,5758,SVVC,9.05
2414,5759,PF,56.93
2415,5760,KB,56.03
2416,5763,FDS,187.99
2417,5764,LPLA,60.29
2418,5765,HIG,53.34
2419,5767,SFL,14.45
2420,5768,RJF,86.06
2421,5770,FN,29.04
2422,5773,FLT,194.61
2423,5775,SFS,8.1
2424,5779,RACE,119.62
2425,5781,GIFI,12.8
2426,5782,FRGI,17.95
2427,5783,FR,27.75
2428,5784,HIFS,200.35
2429,5786,FMI,66.5
2430,5787,FLY,12.1
2431,5788,FISI,30.25
2432,5789,VOYA,46.75
2433,5790,THS,41.92
2434,5791,MBFI,39.7
2435,5792,FRPT,18.05
2436,5793,FORM,12.25
2437,5794,FOR,24.5
2438,5795,FNF,36.7
2439,5796,FINL,10.39
2440,5797,FFNW,14.97
2441,5798,TLF,7.375
2442,5799,MFSF,35.0
2443,5800,FLXN,22.54
2444,5801,FFG,66.25
2445,5802,ZF,10.75
2446,5803,WSBF,17.05
2447,5804,SAFM,121.59
2448,5805,PFS,25.14
2449,5806,MTU,7.08
2450,5807,MSFG,37.48
2451,5809,GSM,14.5
2452,5812,FORR,40.85
2453,5814,ZTR,12.397
2454,5816,VIRT,26.5
2455,5822,FATE,8.1
2456,5824,SMFG,8.67
2457,5826,NATH,66.7
2458,5827,INTL,39.71
2459,5828,FPRX,18.38
2460,5834,PCF,9.0
2461,5835,NMZ,13.04
2462,5836,NICK,8.79
2463,5837,MOFG,31.74
2464,5838,IFN,25.21
2465,5839,HALL,10.0
2466,5840,GDL,9.53
2467,5842,FIVN,24.42
2468,5844,WAFD,34.625
2469,5846,SMMF,22.88
2470,5848,JPS,9.43
2471,5849,HTY,9.16
2472,5852,FSFG,67.0
2473,5853,SPE,14.9607
2474,5854,RCS,8.818
2475,5855,PROV,18.01
2476,5856,PLNT,29.44
2477,5857,PKO,25.0
2478,5858,PFSI,21.3
2479,5860,LWAY,7.56
2480,5861,LTXB,42.02
2481,5864,HTLF,50.975
2482,5865,HPI,19.97
2483,5866,HMNF,18.35
2484,5867,GMZ,9.09
2485,5869,FORTY,38.2
2486,5876,NPV,12.32
2487,5878,NMT,13.1201
2488,5879,MXF,15.95
2489,5880,MSP,11.07
2490,5881,KF,39.6535
2491,5882,JFR,10.95
2492,5887,FGEN,51.0
2493,5888,FFWM,17.63
2494,5890,SWZ,12.38
2495,5891,SBFG,18.0
2496,5894,PNFP,60.2
2497,5895,PGP,12.748
2498,5896,NUO,14.01
2499,5897,NQP,12.67
2500,5899,MGU,22.54
2501,5902,IVH,14.13
2502,5903,GOF,20.38
2503,5905,FPI,7.31
2504,5906,FMO,13.53
2505,5907,FLXS,38.55
2506,5912,SIFI,13.9
2507,5913,PFL,11.45
2508,5914,NMY,12.13
2509,5915,IRL,12.28
2510,5918,FUND,7.75
2511,5919,FSD,16.09
2512,5922,VTN,13.2
2513,5923,UTG,27.8
2514,5924,SRV,11.84
2515,5928,PZC,10.115
2516,5929,PYN,9.0478
2517,5930,PML,12.355
2518,5931,PMF,12.5303
2519,5932,PCN,16.8175
2520,5934,NUV,9.58
2521,5935,NTC,11.71
2522,5938,NCA,9.61
2523,5939,KAP,25.36
2524,5941,HPF,19.63
2525,5944,FOF,12.36
2526,5946,FMN,13.49
2527,5948,FHY,12.23
2528,5950,FFC,19.28
2529,5951,FCB,52.25
2530,5952,FAM,11.37
2531,5955,CBFV,29.45
2532,5957,WHF,12.15
2533,5958,VGI,14.474
2534,5959,UFAB,7.79
2535,5960,TSLF,16.8
2536,5961,TCFC,36.5
2537,5962,PNF,11.733
2538,5963,PHD,11.36
2539,5965,NYV,13.8563
2540,5966,NUM,13.01
2541,5968,NOMD,15.72
2542,5969,NOM,13.945
2543,5975,JPC,9.77
2544,5976,JMM,7.45
2545,5977,HPS,17.0178
2546,5983,FMY,13.94
2547,5984,FLC,19.88
2548,5987,WLFC,26.61
2549,5988,VGM,12.55
2550,5989,THW,13.06
2551,5990,SZC,18.73
2552,5992,SMM,10.59
2553,5993,RQI,10.67
2554,5995,PFN,10.21
2555,5996,OPOF,24.5
2556,5997,NPN,15.6
2557,5998,NJV,13.6695
2558,6006,CEN,9.93
2559,6007,WVFC,17.25
2560,6008,TLI,10.6
2561,6010,PCQ,15.753
2562,6011,ORRF,25.0
2563,6014,NNY,9.34
2564,6015,NMI,11.4
2565,6017,KIO,15.67
2566,6019,JRO,11.03
2567,6020,JHY,9.921
2568,6024,GLO,10.69
2569,6038,WAFDW,17.71
2570,6044,PNI,10.8293
2571,6046,PCM,10.63
2572,6048,NMS,14.25
2573,6050,JGH,16.32
2574,6052,IIF,31.55
2575,6065,RIV,20.7
2576,6067,PMX,10.9343
2577,6070,JMT,23.33
2578,6071,JLS,24.19
2579,6077,FLOW,46.93
2580,6080,FCT,12.8
2581,6085,TWN,20.04
2582,6089,NTX,13.51
2583,6099,FSB,31.2
2584,6122,WTFCW,60.9
2585,6143,MVBF,19.55
2586,6173,CCA,10.77
2587,6215,NIM,9.85
2588,6285,FIHD,156.312
2589,6351,WCFB,10.1
2590,6367,GILD,78.22
2591,6368,GS,246.35
2592,6369,MRVL,20.74
2593,6370,VOD,28.4
2594,6371,PCLN,1806.0601
2595,6372,GSK,36.17
2596,6373,GIS,53.99
2597,6374,GPS,31.17
2598,6375,UNH,216.46
2599,6379,GRMN,61.13
2600,6380,TROW,101.99
2601,6381,HTZ,20.1
2602,6382,Z,46.36
2603,6383,GG,12.62
2604,6385,IGT,26.61
2605,6386,XL,41.26
2606,6387,SPG,152.18
2607,6390,GWPH,126.9
2608,6391,IT,114.26
2609,6392,GWW,257.32
2610,6393,RGLD,82.13
2611,6395,VGR,19.91
2612,6396,GPRE,18.25
2613,6397,OMC,75.91
2614,6401,GOV,16.01
2615,6402,GGG,41.4
2616,6403,RDN,20.72
2617,6405,ING,18.22
2618,6406,GES,15.42
2619,6407,GEO,20.04
2620,6408,GOLD,84.96
2621,6409,GGP,21.62
2622,6410,JCOM,72.28
2623,6411,HCSG,49.1
2624,6413,OGS,65.9
2625,6417,MYGN,32.62
2626,6418,LBTYA,35.1
2627,6419,UNM,47.87
2628,6420,TGI,24.2
2629,6421,SA,11.05
2630,6423,GPN,100.59
2631,6425,TAL,28.67
2632,6426,MDXG,15.37
2633,6427,GWR,68.99
2634,6428,GBL,26.75
2635,6429,G,31.45
2636,6430,ULTI,222.09
2637,6431,MOV,30.15
2638,6432,MG,19.45
2639,6433,GOGO,8.81
2640,6435,GCO,34.15
2641,6436,IHG,62.17
2642,6437,HRG,16.91
2643,6439,GEF,53.27
2644,6440,TDG,283.0
2645,6441,SGU,10.24
2646,6444,SGEN,50.54
2647,6446,PGEM,21.9
2648,6447,NGG,52.51
2649,6448,KRG,14.5
2650,6450,HCI,34.92
2651,6451,GLNG,26.0
2652,6453,WHG,60.55
2653,6454,TPH,16.16
2654,6455,THRM,30.8
2655,6456,SNR,7.03
2656,6457,MDU,25.55
2657,6458,GWRE,75.33
2658,6459,GTN,15.1
2659,6462,GNRC,46.53
2660,6465,WTM,789.05
2661,6466,WMGI,19.9
2662,6467,THG,106.74
2663,6468,PENN,27.11
2664,6471,GRUB,89.04
2665,6472,GLP,17.0
2666,6473,SIGI,56.05
2667,6474,RUTH,22.8
2668,6479,GLOG,18.65
2669,6483,QVCA,26.37
2670,6484,NSH,13.85
2671,6485,LBTYK,33.86
2672,6486,ITG,19.37
2673,6494,WLDN,19.59
2674,6496,WES,48.09
2675,6497,VNET,7.77
2676,6500,PAGP,21.24
2677,6501,NEWM,15.69
2678,6502,NAVG,47.75
2679,6505,PRAA,34.65
2680,6506,MRC,15.91
2681,6507,KTWO,18.44
2682,6514,GMLP,20.63
2683,6516,GLMD,9.31
2684,6517,GHDX,33.36
2685,6518,GFA,9.86
2686,6519,GENC,16.5
2687,6520,VPG,24.8
2688,6521,SERV,49.86
2689,6522,ROCK,32.05
2690,6523,RGT,10.63
2691,6525,PRGX,7.55
2692,6527,LILA,20.89
2693,6529,HUBG,44.9
2694,6531,GSIT,7.23
2695,6533,GRIF,36.66
2696,6534,GAIA,11.65
2697,6536,XOXO,18.5
2698,6537,WSTG,13.5
2699,6539,THR,22.35
2700,6541,NWLI,305.2
2701,6542,KANG,16.18
2702,6543,HCKT,15.14
2703,6545,GMED,43.3
2704,6546,GLOP,23.1
2705,6547,GLOB,43.19
2706,6548,GLF,28.88
2707,6549,GDDY,51.36
2708,6553,TNET,40.0
2709,6554,TGH,22.0
2710,6560,GRFS,21.92
2711,6561,GLYC,22.03
2712,6564,WEB,21.6
2713,6568,MYRG,33.06
2714,6569,MTCH,33.6
2715,6572,LHCG,62.42
2716,6574,GTXI,14.9
2717,6575,GLU,20.11
2718,6577,GGT,9.14
2719,6578,GBLI,39.14
2720,6579,WEYS,29.31
2721,6583,SGC,23.57
2722,6589,GNL,16.33
2723,6591,NVEE,42.6
2724,6592,NGS,25.6
2725,6594,MAMS,7.43
2726,6597,IGLD,7.35
2727,6599,GPT,22.77
2728,6600,GNK,12.22
2729,6605,GYRO,19.45
2730,6611,CIGI,57.75
2731,6612,ZAYO,34.83
2732,6618,SAFT,72.85
2733,6621,LILAK,20.94
2734,6623,HMTV,10.65
2735,6625,GTT,43.7
2736,6626,GSH,31.17
2737,6642,HURN,39.45
2738,6644,GRX,9.8
2739,6646,GPP,17.15
2740,6649,ZG,46.39
2741,6653,PGRE,13.91
2742,6659,JRVR,39.52
2743,6673,OXFD,11.38
2744,6681,CXH,9.37
2745,6686,SRG,39.15
2746,6708,RMR,56.45
2747,6978,HPQ,19.92
2748,6980,HON,146.02
2749,6983,VIPS,15.31
2750,6985,HCN,54.67
2751,6986,POST,72.94
2752,6987,HCP,22.64
2753,6988,HP,64.17
2754,6989,HOG,47.54
2755,6990,HUM,262.37
2756,6991,HAS,96.48
2757,6992,KBH,29.15
2758,6994,PYPL,72.32
2759,6997,LL,25.57
2760,6998,HSIC,70.85
2761,6999,RHI,52.26
2762,7000,OHI,25.36
2763,7001,KORS,60.03
2764,7002,HLF,80.62
2765,7003,RHT,124.65
2766,7004,HA,36.75
2767,7005,RH,85.93
2768,7006,HSBC,50.85
2769,7007,USNA,74.2
2770,7009,HR,27.66
2771,7010,HZNP,13.51
2772,7011,HST,18.75
2773,7012,HCA,95.97
2774,7013,WGL,84.29
2775,7015,HRTX,20.3
2776,7017,WCG,190.1
2777,7019,HLT,78.66
2778,7021,RDUS,33.5
2779,7022,HIMX,7.75
2780,7023,HCLP,11.3
2781,7024,SNH,15.92
2782,7025,MOH,77.99
2783,7026,HOLX,38.8
2784,7027,HPT,26.29
2785,7028,HBI,19.57
2786,7029,SLCA,28.64
2787,7031,HWKN,32.7
2788,7032,HYH,45.58
2789,7035,HDS,35.57
2790,7036,SSNC,47.74
2791,7037,RNR,127.85
2792,7038,LDOS,62.56
2793,7041,RYAAY,114.13
2794,7042,HTH,24.08
2795,7044,HSII,24.45
2796,7045,LQ,18.52
2797,7046,JHX,17.36
2798,7048,ST,50.99
2799,7051,NHI,64.6
2800,7052,JHI,17.2
2801,7054,NSM,16.69
2802,7055,MLHR,36.3
2803,7056,KND,9.0
2804,7057,ITUB,15.11
2805,7058,HZO,20.75
2806,7060,UVE,29.1
2807,7061,RHP,67.17
2808,7062,PRO,31.74
2809,7063,PICO,12.4
2810,7064,MHO,31.0
2811,7066,HSTM,22.0
2812,7067,HIBB,24.4
2813,7068,TYPE,22.9
2814,7070,MKTX,189.02
2815,7072,JBHT,114.81
2816,7073,HPP,28.63
2817,7076,SLGN,27.9
2818,7079,NOAH,41.76
2819,7081,NLSN,33.9
2820,7082,INOV,12.4
2821,7083,IMH,8.06
2822,7084,HNP,24.18
2823,7087,HI,43.55
2824,7089,UHS,114.87
2825,7090,TTS,8.15
2826,7093,RMAX,45.5
2827,7094,MTSI,17.85
2828,7095,MDC,28.74
2829,7096,LHO,27.47
2830,7097,LGIH,59.05
2831,7098,KW,16.15
2832,7099,HII,225.37
2833,7100,HABT,8.4
2834,7101,VR,67.28
2835,7103,LXFT,51.45
2836,7104,KOP,40.05
2837,7109,HMST,27.75
2838,7110,HIW,42.81
2839,7113,HF,43.4
2840,7116,OPY,25.94
2841,7117,IPHS,41.61
2842,7118,INXN,58.26
2843,7119,INN,14.01
2844,7121,HT,17.31
2845,7123,HHS,8.75
2846,7124,HELE,89.2
2847,7125,HDP,18.84
2848,7126,RICK,27.6
2849,7127,MGLN,94.15
2850,7128,LXFR,13.5
2851,7130,HRC,79.83
2852,7131,HIIQ,22.1
2853,7132,HALO,17.06
2854,7133,UHT,58.84
2855,7134,TTEC,35.35
2856,7136,PEB,35.05
2857,7139,MCFT,22.25
2858,7141,HUBS,89.25
2859,7143,SPOK,14.05
2860,7144,LPNT,46.85
2861,7146,HMG,14.21
2862,7148,HCOM,27.53
2863,7149,HAYN,39.67
2864,7152,XHR,19.57
2865,7153,WLH,24.26
2866,7154,VBTX,27.07
2867,7158,QTWO,41.8
2868,7159,QCRH,43.6
2869,7160,PHT,9.51
2870,7161,LITE,55.4
2871,7163,HY,77.01
2872,7164,HQH,22.01
2873,7166,SHO,15.43
2874,7168,NMIH,18.05
2875,7169,LNTH,19.7
2876,7171,HQY,50.99
2877,7172,HLI,46.06
2878,7174,SPLP,19.75
2879,7176,KEN,28.9
2880,7178,HRTG,16.64
2881,7180,HQL,19.23
2882,7182,HIFR,18.3
2883,7185,TSC,22.35
2884,7190,PRAH,83.95
2885,7193,NVGS,12.15
2886,7194,LTRPA,10.6
2887,7195,JP,19.21
2888,7197,HUBB,129.65
2889,7205,NWHM,11.68
2890,7209,JHS,14.55
2891,7210,ISTR,23.5
2892,7214,HMLP,17.5
2893,7215,HCM,32.5
2894,7217,CHCT,24.44
2895,7222,PIH,7.1
2896,7223,PARR,16.81
2897,7231,CDOR,10.13
2898,7240,OMF,30.03
2899,7241,MHI,11.44
2900,7242,MHH,10.2912
2901,7246,HDNG,16.91
2902,7247,HBM,7.7
2903,7252,VLT,14.05
2904,7291,SPNE,9.7
2905,7700,TSLA,315.23
2906,7702,WMT,100.02
2907,7704,VRX,17.47
2908,7705,NFLX,250.1
2909,7706,PFE,33.63
2910,7707,NKE,62.49
2911,7708,QCOM,62.42
2912,7709,PEP,110.15
2913,7710,MU,40.0
2914,7711,TWTR,30.18
2915,7712,PM,100.39
2916,7713,V,113.86
2917,7714,REGN,322.62
2918,7715,TWX,93.02
2919,7716,KMI,16.8
2920,7717,UPS,109.28
2921,7718,TXN,97.66
2922,7719,M,24.0
2923,7720,MET,44.28
2924,7721,MAT,16.0
2925,7724,MAR,133.88
2926,7725,MA,160.62
2927,7726,VRTX,151.6
2928,7730,ROST,75.06
2929,7731,MDLZ,42.68
2930,7732,JNPR,24.66
2931,7733,TMUS,58.88
2932,7734,SWKS,99.04
2933,7735,NOV,32.64
2934,7736,ISRG,381.87
2935,7738,SRCL,70.55
2936,7739,TEVA,18.64
2937,7740,PAYX,61.86
2938,7741,MCHP,79.9
2939,7742,XLNX,62.82
2940,7743,MXIM,55.6
2941,7744,MSI,98.74
2942,7746,WTW,67.91
2943,7747,URBN,32.36
2944,7748,SKX,38.18
2945,7749,NTAP,55.85
2946,7750,SHAK,40.09
2947,7751,INTU,152.75
2948,7752,ILMN,209.54
2949,7753,PPG,110.3
2950,7754,VMW,108.46
2951,7755,PCAR,66.98
2952,7756,VTR,50.92
2953,7757,TER,39.67
2954,7758,SRPT,57.17
2955,7761,ICPT,53.29
2956,7762,YELP,38.63
2957,7763,WM,79.12
2958,7764,SOHU,33.02
2959,7765,NTES,289.61
2960,7767,TERP,11.04
2961,7769,JWN,47.23
2962,7770,ITW,156.15
2963,7771,YY,111.23
2964,7772,VRSN,105.62
2965,7774,SWIR,18.3
2966,7775,MGM,33.5
2967,7776,JD,42.25
2968,7777,WSO,165.26
2969,7778,TRN,31.77
2970,7779,NDAQ,75.21
2971,7781,NI,22.51
2972,7782,MLM,208.42
2973,7783,VIAB,32.71
2974,7784,R,79.72
2975,7785,PX,144.07
2976,7787,INFY,17.11
2977,7788,WDAY,110.97
2978,7789,MXL,24.16
2979,7791,RSG,62.72
2980,7793,MDSO,62.61
2981,7794,LEG,43.99
2982,7795,URI,161.99
2983,7796,TRIP,40.05
2984,7799,IR,87.6
2985,7801,TSS,81.17
2986,7802,PHM,28.67
2987,7803,WUBA,67.82
2988,7804,PSTG,19.03
2989,7805,MAN,113.73
2990,7806,LTC,37.53
2991,7808,VIA,39.0
2992,7809,SNA,156.72
2993,7810,RYN,31.64
2994,7811,RMBS,11.85
2995,7812,RCII,9.61
2996,7815,JUNO,85.55
2997,7816,IRM,32.07
2998,7817,SQ,39.5
2999,7819,LM,37.79
3000,7821,ZTS,71.51
3001,7822,WSM,50.77
3002,7825,RES,18.53
3003,7826,PTCT,23.23
3004,7827,PII,110.22
3005,7828,OKE,54.4
3006,7829,OAS,7.72
3007,7830,VAR,112.82
3008,7832,TDW,24.4
3009,7833,SYNA,43.95
3010,7834,STWD,19.72
3011,7835,PWR,33.51
3012,7836,LGND,150.0
3013,7838,IDXX,169.28
3014,7839,XPO,85.04
3015,7840,PTLA,44.63
3016,7841,PCRX,35.8
3017,7843,NNN,36.52
3018,7844,MUSA,69.42
3019,7845,IVZ,31.92
3020,7846,WGO,42.85
3021,7847,TIVO,13.3
3022,7848,STAG,22.58
3023,7849,SNPS,82.62
3024,7850,RPM,47.98
3025,7851,OMI,15.9
3026,7854,WST,90.42
3027,7855,SVU,15.36
3028,7856,SPPI,19.76
3029,7857,QSII,12.63
3030,7858,OI,21.43
3031,7859,MHK,256.57
3032,7860,JLL,150.71
3033,7861,ZGNX,37.4
3034,7864,RENN,8.79
3035,7865,PZZA,56.105
3036,7867,TXT,55.54
3037,7868,STMP,191.0
3038,7869,RARE,44.33
3039,7870,OII,18.46
3040,7871,NWL,27.91
3041,7873,LYB,105.79
3042,7874,TFX,249.14
3043,7875,SNI,86.46
3044,7876,SCMP,18.0
3045,7878,LII,193.04
3046,7879,IDCC,75.9
3047,7881,SPLK,85.94
3048,7882,SIR,19.96
3049,7884,RDI,16.12
3050,7885,QRVO,76.85
3051,7886,PKI,72.06
3052,7887,PAY,17.4
3053,7891,KBR,17.2
3054,7892,ZUMZ,20.05
3055,7893,YRCW,9.63
3056,7894,WWD,82.93
3057,7896,VRNT,37.9
3058,7902,NOW,140.1
3059,7903,MMSI,42.1
3060,7904,MMS,63.97
3061,7906,IMGN,8.76
3062,7908,WAGE,56.45
3063,7910,TWI,12.06
3064,7911,TTWO,103.51
3065,7912,TTEK,46.05
3066,7913,TGNA,13.28
3067,7915,SUP,15.2
3068,7918,PFPT,92.91
3069,7921,MTZ,49.3
3070,7922,MSCI,133.81
3071,7923,MPW,11.88
3072,7924,MELI,345.31
3073,7925,MDR,7.65
3074,7926,LSTR,106.55
3075,7927,LAD,114.78
3076,7930,VMI,151.4
3077,7931,UBNT,67.46
3078,7933,TDY,175.56
3079,7934,SKYW,53.3
3080,7936,SIEN,11.34
3081,7937,ROL,45.46
3082,7939,RAVN,34.35
3083,7940,PRLB,108.0
3084,7941,PMT,16.01
3085,7942,PLD,58.33
3086,7943,ONCE,51.03
3087,7944,NTGR,55.8
3088,7946,MITK,7.15
3089,7952,TYL,187.41
3090,7954,TBI,27.15
3091,7955,SRNE,7.05
3092,7960,SFLY,70.8
3093,7962,REV,20.0
3094,7965,NXRT,23.6
3095,7967,MRTX,26.8
3096,7968,MGPI,82.04
3097,7969,MCRB,8.58
3098,7971,ITRI,65.65
3099,7972,INSY,7.75
3100,7973,IMMU,15.7
3101,7974,IIIN,29.89
3102,7975,ZEUS,21.58
3103,7976,XYL,70.24
3104,7977,UDR,32.92
3105,7978,TXRH,54.94
3106,7980,TSLX,18.53
3107,7981,TR,33.8
3108,7987,MTN,206.07
3109,7988,MACK,10.52
3110,7991,INGR,127.58
3111,7994,TPX,54.85
3112,7995,TILE,23.2
3113,7996,THO,124.6
3114,7999,SODA,73.93
3115,8000,SHLO,7.18
3116,8002,RWT,14.57
3117,8004,REIS,18.6
3118,8005,PLAB,7.45
3119,8006,OXM,76.52
3120,8007,OSTK,53.95
3121,8009,ORBC,10.72
3122,8011,NTCT,27.0
3123,8012,MWA,11.0
3124,8013,MSTR,131.53
3125,8014,MPWR,103.82
3126,8015,MMI,30.0
3127,8016,LXU,7.31
3128,8017,KRO,22.57
3129,8018,JOBS,66.85
3130,8020,IPXL,19.75
3131,8023,ZOES,13.57
3132,8024,ZFGN,8.06
3133,8025,WWW,30.64
3134,8027,WSBC,41.1
3135,8028,WRI,26.48
3136,8029,VEEV,54.32
3137,8030,UFI,34.58
3138,8033,TREE,333.9
3139,8035,TCX,53.85
3140,8037,SWM,40.47
3141,8040,SPAR,14.1
3142,8042,RMD,89.26
3143,8044,RBCN,7.305
3144,8045,PTC,67.69
3145,8046,PRFT,18.5
3146,8048,OMCL,40.1
3147,8050,NXTM,23.15
3148,8051,NVR,2788.97
3149,8052,NUVA,46.03
3150,8054,NR,8.0
3151,8055,LYTS,8.5
3152,8056,LXRX,9.3
3153,8057,LPSN,10.925
3154,8058,KEYS,43.81
3155,8059,IRWD,13.67
3156,8062,WMK,37.41
3157,8063,WEX,139.0
3158,8064,W,88.98
3159,8065,VNDA,15.3
3160,8067,TTGT,15.98
3161,8068,TRIL,7.1
3162,8075,SCHN,32.1625
3163,8076,RP,47.0
3164,8077,ROP,259.4
3165,8078,RNG,52.3
3166,8079,PRCP,9.06
3167,8080,PNM,33.8
3168,8083,OSIS,57.7
3169,8085,OMN,10.1
3170,8087,MYE,19.5
3171,8089,MTX,66.95
3172,8090,MTEX,14.4
3173,8091,MGA,53.5
3174,8093,LOV,14.5
3175,8095,KNX,47.36
3176,8096,JOUT,65.16
3177,8101,WING,43.97
3178,8102,VEC,26.8
3179,8103,TACT,14.0
3180,8105,SUPN,37.15
3181,8108,SEDG,32.25
3182,8112,QUAD,20.17
3183,8113,QNST,11.86
3184,8115,PSMT,80.2
3185,8116,PRI,94.75
3186,8118,OFLX,58.5
3187,8120,NP,83.6
3188,8121,NNI,50.29
3189,8122,NL,9.7
3190,8123,MTD,601.0
3191,8125,MGI,11.05
3192,8126,MATX,34.31
3193,8127,LOGM,121.35
3194,8129,LNCE,49.9
3195,8130,KNL,20.66
3196,8131,KELYA,27.75
3197,8132,INSM,24.22
3198,8135,ZAGG,15.55
3199,8139,WTS,72.45
3200,8143,VRTS,120.2
3201,8146,TRNS,15.025
3202,8147,TIER,17.24
3203,8148,TI,8.81
3204,8149,TGTX,11.8
3205,8150,TEN,54.28
3206,8151,TAX,9.95
3207,8153,SSTK,43.19
3208,8155,SRI,22.35
3209,8157,SAIA,70.85
3210,8158,SAGE,166.05
3211,8160,QLYS,58.3
3212,8164,OIS,28.2
3213,8167,NYLD,16.8
3214,8170,NLS,12.0
3215,8172,MRCY,41.82
3216,8173,MORN,90.49
3217,8174,MNTA,15.9
3218,8176,MERC,12.45
3219,8179,LZB,28.65
3220,8180,LPI,7.86
3221,8181,KVHI,10.1
3222,8182,JMBA,7.24
3223,8183,IONS,47.47
3224,8185,IMPV,42.05
3225,8186,IMO,27.83
3226,8187,IMKTA,30.15
3227,8189,ICFI,51.8
3228,8190,WOR,43.26
3229,8191,VSAT,70.79
3230,8193,VALU,18.65
3231,8196,UG,17.45
3232,8197,TRK,19.49
3233,8198,TOWR,28.2
3234,8201,TDOC,33.05
3235,8202,SYNT,21.2
3236,8203,STRS,30.0
3237,8204,SRT,11.04
3238,8206,SRDX,27.25
3239,8207,SLP,15.7
3240,8208,RVNC,29.15
3241,8210,RST,12.71
3242,8212,REXR,26.4
3243,8213,RDNT,9.8
3244,8214,QTS,44.49
3245,8217,PLT,54.02
3246,8219,ORA,64.86
3247,8223,NEO,7.23
3248,8225,MTOR,25.82
3249,8226,MLAB,132.56
3250,8228,MINI,41.35
3251,8229,MD,52.56
3252,8230,LDL,44.45
3253,8231,LAKE,13.15
3254,8234,IIVI,38.15
3255,8236,USPH,73.15
3256,8237,UPLD,21.65
3257,8238,UEPS,10.68
3258,8239,TRUE,11.06
3259,8243,TEDU,11.58
3260,8246,SCS,14.2
3261,8247,RSPP,33.44
3262,8250,RGCO,23.56
3263,8252,PRTK,12.7
3264,8254,POWL,28.94
3265,8255,PFSW,7.07
3266,8256,PDFS,12.59
3267,8257,PAYC,82.9
3268,8258,ORM,14.05
3269,8259,OLP,22.6
3270,8260,NXP,14.33
3271,8261,NTRI,41.15
3272,8263,NPK,95.95
3273,8265,NC,37.85
3274,8267,NATR,11.3
3275,8268,NANO,24.54
3276,8273,MBI,7.01
3277,8274,KPTI,13.68
3278,8275,KFY,39.88
3279,8276,KAI,92.55
3280,8277,ITCI,16.04
3281,8278,IRS,25.02
3282,8279,IDA,82.03
3283,8280,ICUI,213.2
3284,8281,ZEN,38.5
3285,8283,WCC,61.85
3286,8285,VIAV,9.77
3287,8287,JNJ,126.36
3288,8288,SIG,49.38
3289,8290,SJI,26.54
3290,8294,MAYS,38.0
3291,8295,IIJI,10.3
3292,8297,JCAP,16.79
3293,8307,JNP,7.9
3294,8576,KEY,20.08
3295,8578,KNOP,19.9
3296,8580,KIRK,10.53
3297,8582,KMT,42.6
3298,8583,LRN,15.42
3299,8586,KTEC,26.6
3300,8588,KRA,45.78
3301,8589,KFRC,24.45
3302,8590,KURA,18.4
3303,8591,KLXI,64.14
3304,8594,KWR,140.74
3305,8824,WYNN,169.28
3306,8825,SLB,67.4
3307,8826,RIG,9.18
3308,8832,SSYS,19.81
3309,8834,TTM,28.3
3310,8835,MMP,66.58
3311,8836,RLJ,20.6
3312,8837,WPZ,38.67
3313,8838,TROX,18.74
3314,8840,MLNX,59.3
3315,8842,SUN,29.36
3316,8844,SPH,24.11
3317,8848,TGP,18.35
3318,8849,SMLP,21.15
3319,8853,MPLX,34.72
3320,8857,RDWR,20.65
3321,8858,LXP,8.1
3322,8859,TPL,498.17
3323,8862,WIX,58.25
3324,8863,TLP,38.64
3325,8865,SRLP,24.8
3326,8866,NRP,28.25
3327,8868,WNS,41.53
3328,8869,TSEM,31.49
3329,8870,SHOO,42.4
3330,8872,PSXP,50.14
3331,8873,MMLP,15.3
3332,8874,LPT,38.72
3333,8875,LAZ,52.52
3334,8876,YRD,35.5
3335,8879,NICE,85.61
3336,8882,TVPT,12.54
3337,8883,TRMB,39.34
3338,8884,TPRE,13.55
3339,8885,SILC,61.09
3340,8886,NVCR,20.65
3341,8887,MRTN,21.65
3342,8889,TCP,51.11
3343,8890,ORBK,46.47
3344,8892,LVNTA,54.8
3345,8893,LOXO,90.76
3346,8894,LOGI,38.12
3347,8896,LAWS,22.25
3348,8897,WBAI,11.07
3349,8900,SLAB,85.75
3350,8901,SHLX,26.0
3351,8905,LMRK,17.15
3352,8906,LFUS,194.38
3353,8911,RMP,20.33
3354,8920,MMYT,32.8
3355,8923,LIVE,13.8
3356,8926,XNET,12.02
3357,8927,TARO,99.21
3358,8929,PNTR,16.95
3359,8938,RDCM,17.45
3360,8941,LMAT,33.51
3361,8945,MZOR,59.33
3362,8960,PCOM,11.26
3363,8964,NAP,8.78
3364,8970,CAPL,22.58
3365,8981,USDP,11.2
3366,8982,SPRO,11.97
3367,8984,PBFX,19.95
3368,8989,OCIP,8.9
3369,8990,NVMI,24.5
3370,8991,MIME,32.07
3371,8995,LIVN,81.42
3372,8997,WVE,39.65
3373,9029,MMAC,27.95
3374,9037,CINR,26.893
3375,9157,MDT,78.38
3376,9158,MS,51.79
3377,9159,MYL,39.25
3378,9162,MSB,24.0
3379,9163,MANU,18.95
3380,9164,MBT,11.3
3381,9166,MNOV,8.62
3382,9167,MLR,24.7
3383,9170,TITN,18.59
3384,9171,SMP,47.59
3385,9172,MODN,17.1
3386,9174,MED,66.75
3387,9175,UTMD,86.45
3388,9178,MSA,72.77
3389,9179,MLI,25.73
3390,9186,MVO,7.16
3391,9187,MOMO,26.38
3392,9189,MGRC,46.58
3393,9190,MGNX,22.36
3394,9191,MDCA,8.65
3395,9193,PZN,10.21
3396,9194,MYOK,48.05
3397,9195,MTR,14.85
3398,9196,MTLS,12.11
3399,9197,MSGN,23.7
3400,9198,MRIN,9.0
3401,9200,MKSI,97.05
3402,9203,MB,30.7
3403,9204,VMO,11.84
3404,9205,SUM,28.52
3405,9208,RMT,9.06
3406,9215,IIM,14.14
3407,9216,ICB,18.95
3408,9217,PMO,11.85
3409,9222,IQI,12.01
3410,9223,CMT,19.0
3411,9225,VKQ,11.92
3412,9226,OIA,7.71
3413,9228,MSON,9.9
3414,9230,MNTX,11.25
3415,9231,MITL,8.31
3416,9237,VLGEA,23.24
3417,9241,OUT,20.93
3418,9248,MAG,9.85
3419,9250,VPV,11.8
3420,9254,NHA,9.49
3421,9260,MCR,8.14
3422,9274,PMM,7.08
3423,9288,VCV,11.95
3424,9299,INFO,43.73
3425,9485,NXPI,115.94
3426,9487,UN,53.7
3427,9488,NKTR,74.65
3428,9490,STM,20.78
3429,9491,SNN,34.12
3430,9494,NSP,56.05
3431,9498,NSSC,9.7
3432,9503,NNBR,26.55
3433,9504,NEOS,9.3
3434,9508,NTRA,9.0
3435,9522,NXN,13.07
3436,9528,NXR,14.3
3437,9529,NXQ,13.83
3438,9533,NTP,12.6
3439,9539,NXC,14.89
3440,9544,OSB,35.63
3441,9548,NEWR,63.0
3442,9577,NTRP,8.3
3443,9859,OSUR,17.58
3444,9861,VSTO,17.12
3445,9862,PDM,17.47
3446,9863,ORMP,7.84
3447,9871,OTEL,14.5
3448,9873,CABO,677.52
3449,9881,OOMA,10.0
3450,9882,OIIL,35.95
3451,9894,OPNT,21.45
3452,10240,PSX,92.44
3453,10241,RIO,52.27
3454,10242,PSA,180.49
3455,10243,UL,52.75
3456,10245,PNR,66.67
3457,10247,SHPG,126.23
3458,10248,PSO,9.35
3459,10249,PUK,49.05
3460,10250,STE,84.19
3461,10251,QIWI,14.91
3462,10254,UGP,23.43
3463,10258,PJT,46.66
3464,10262,REPH,8.04
3465,10265,POWI,62.45
3466,10267,PCMI,7.85
3467,10268,UMH,12.41
3468,10270,PEGA,46.5
3469,10272,IPAR,43.0
3470,10274,RPT,11.56
3471,10277,PATK,57.95
3472,10282,PHII,11.75
3473,10283,PFIN,7.43
3474,10284,SNDX,9.63
3475,10285,PIRS,7.15
3476,10286,PHIIK,11.23
3477,10287,PEN,89.3
3478,10288,ZYNE,11.25
3479,10289,SMMT,11.26
3480,10292,PTSI,36.4
3481,10294,PINC,31.28
3482,10295,PGTI,14.95
3483,10296,PDVW,31.45
3484,10299,TSU,20.56
3485,10301,SGRY,14.3
3486,10314,CXP,20.26
3487,10450,QEP,7.66
3488,10451,QADA,39.7
3489,10452,QUOT,10.7
3490,10453,QADB,33.2
3491,10543,VNO,66.18
3492,10544,WSR,12.12
3493,10545,SBR,44.8
3494,10548,RTEC,23.95
3495,10550,TREC,12.8
3496,10551,TCI,27.98
3497,10554,RTRX,21.3
3498,10557,RVT,15.33
3499,10562,RNET,13.85
3500,10567,IRT,8.37
3501,10571,RPD,23.16
3502,10572,RGNX,25.5
3503,10825,SNY,39.5
3504,10826,VALE,12.36
3505,10827,SAP,101.66
3506,10828,TEF,9.23
3507,10830,TSE,73.25
3508,10831,TS,31.12
3509,10832,TX,33.09
3510,10834,SCSC,33.5
3511,10837,STML,16.05
3512,10838,STAR,9.91
3513,10842,IDSY,7.68
3514,10843,SYX,28.57
3515,10845,SFE,12.4
3516,10852,SIF,7.05
3517,10853,SHOP,118.51
3518,10857,SVT,9.77
3519,10861,VRNS,52.05
3520,10864,SGMA,7.81
3521,10878,VCO,44.45
3522,10892,SMBK,21.55
3523,10899,SCM,11.49
3524,10974,TWOU,68.06
3525,10975,TRU,55.5
3526,10978,TSRO,56.01
3527,10982,VYGR,18.01
3528,10986,USAK,26.12
3529,10992,USAT,9.0
3530,10997,TRUP,31.44
3531,10999,TISI,16.4
3532,11002,UFPT,28.7
3533,11003,TTMI,15.14
3534,11006,TLYS,13.39
3535,11007,TESS,22.3
3536,11010,CTMX,26.98
3537,11112,INVA,13.8
3538,11115,UNVR,26.04
3539,11242,VECO,14.75
3540,11245,WVVI,7.96
3541,11246,VRAY,8.17
3542,11249,VSH,18.05
3543,11464,WETF,10.01
3544,11465,WK,22.9
3545,11709,XNCR,21.71
3546,12310,ACT,24.9
3547,13938,CATC,77.925
3548,14025,HMTA,11.4
3549,14038,FSBC,16.88
3550,15163,CTLT,40.58
3551,16018,IKNX,7.75
3552,16020,ICCC,7.1
3553,16074,CYRX,7.77
3554,16165,CSWI,41.75
3555,17791,FTNW,18.0
3556,18810,IAC,134.64
3557,19003,IOSP,63.6
3558,19069,ISRL,104.2
3559,19111,ITCB,14.83
3560,21199,SECT,26.96
3561,21421,SR,63.6
3562,22056,INGN,115.33
3563,22059,INWK,8.95
3564,22064,INST,35.75
